naselje_maticni_broj,naselje_ime,opstina_ime,pop,stage
700452,ПУХОВАЦ,АЛЕКСАНДРОВАЦ,417,1
700479,РАКЉА,АЛЕКСАНДРОВАЦ,647,1
700487,РЖАНИЦА,АЛЕКСАНДРОВАЦ,194,1
700495,РОГАВЧИНА,АЛЕКСАНДРОВАЦ,66,1
700509,РОКЦИ,АЛЕКСАНДРОВАЦ,64,1
700517,РУДЕНИЦЕ,АЛЕКСАНДРОВАЦ,128,1
700525,СТАЊЕВО,АЛЕКСАНДРОВАЦ,1071,1
702200,ЉУБЕРАЂА,БАБУШНИЦА,102,1
702218,МАЛО БОЊИНЦЕ,БАБУШНИЦА,27,1
704610,ВУКИЋЕВИЦА,ОБРЕНОВАЦ,502,1
704628,ГРАБОВАЦ,ОБРЕНОВАЦ,2040,1
704636,ДРАЖЕВАЦ,ОБРЕНОВАЦ,1056,1
726567,ДОЊА ЉУБОВИЂА,ЉУБОВИЈА,742,1
726575,ДОЊА ОРОВИЦА,ЉУБОВИЈА,201,1
726583,ДРЛАЧЕ,ЉУБОВИЈА,237,1
726591,ДУБОКО,ЉУБОВИЈА,436,1
726605,ЛЕОВИЋ,ЉУБОВИЈА,107,1
715000,ВУКОВАЦ,ЖАГУБИЦА,265,1
715018,ЖАГУБИЦА,ЖАГУБИЦА,2110,1
714941,СИБНИЦА,ЖАБАРИ,284,1
714950,СИМИЋЕВО,ЖАБАРИ,933,1
714968,ТИЋЕВАЦ,ЖАБАРИ,161,1
714976,ЧЕТЕРЕЖЕ,ЖАБАРИ,493,1
714984,БЛИЗНАК,ЖАГУБИЦА,229,1
700045,БОБОТЕ,АЛЕКСАНДРОВАЦ,252,1
734080,ЗАБРЊИЦА,ПРИБОЈ,174,1
803316,ШИМАНОВЦИ,ПЕЋИНЦИ,3073,1
704032,ДУДОВИЦА,ЛАЗАРЕВАЦ,624,1
725811,ВУЧКОВИЦА,ЛУЧАНИ,241,1
725820,ГОРАЧИЋИ,ЛУЧАНИ,878,1
725838,ГОРЊА КРАВАРИЦА,ЛУЧАНИ,242,1
725846,ГОРЊИ ДУБАЦ,ЛУЧАНИ,121,1
725854,ГРАБ,ЛУЧАНИ,181,1
725862,ГУБЕРЕВЦИ,ЛУЧАНИ,445,1
705519,ПРЕТРЕШЊА,БЛАЦЕ,71,1
705527,ПРИДВОРИЦА,БЛАЦЕ,72,1
705535,РАШИЦА,БЛАЦЕ,78,1
803707,СЕНТА,СЕНТА,14452,1
705454,МУЗАЋЕ,БЛАЦЕ,70,1
705462,ПОПОВА,БЛАЦЕ,104,1
732486,НОВИ ЗАВОЈ,ПИРОТ,1200,1
732494,ОБРЕНОВАЦ,ПИРОТ,73,1
732508,ОРЕОВИЦА,ПИРОТ,33,1
732516,ОРЉА,ПИРОТ,9,1
732524,ОСМАКОВА,ПИРОТ,61,1
732532,ПАКЛЕШТИЦА,ПИРОТ,20,1
732559,ПАСЈАЧ,ПИРОТ,11,1
732567,ПЕТРОВАЦ,ПИРОТ,163,1
732575,ПИРОТ,ПИРОТ,34942,1
732583,ПЛАНИНИЦА,ПИРОТ,4,1
732591,ПОКРЕВЕНИК,ПИРОТ,32,1
732605,ПОЉСКА РЖАНА,ПИРОТ,1181,1
732613,ПОНОР,ПИРОТ,204,1
732621,ПРИСЈАН,ПИРОТ,27,1
732630,РАГОДЕШ,ПИРОТ,50,1
732648,РАСНИЦА,ПИРОТ,262,1
732656,РОСОМАЧ,ПИРОТ,19,1
732664,РСОВЦИ,ПИРОТ,72,1
732672,РУДИЊЕ,ПИРОТ,70,1
732788,ТРЊАНА,ПИРОТ,97,1
800058,УТРИНЕ,АДА,691,1
745863,ОСТРА,ЧАЧАК,704,1
745871,ПАКОВРАЋЕ,ЧАЧАК,433,1
738654,СВИЛАЈНАЦ,СВИЛАЈНАЦ,8593,1
741752,НИКОЈЕВИЋИ,УЖИЦЕ,285,1
732320,ИЗВОР,ПИРОТ,607,1
727911,ЈОВАНОВАЦ,МЕРОШИНА,415,1
727920,ЈУГ БОГДАНОВАЦ,МЕРОШИНА,421,1
711586,ИЗУМНО,ВРАЊСКА БАЊА,288,2
800023,МОЛ,АДА,4858,1
745294,ЗЛАТИБОР,ЧАЈЕТИНА,3702,1
745308,РАКОВИЦА,ЧАЈЕТИНА,43,1
745316,РОЖАНСТВО,ЧАЈЕТИНА,318,1
745324,РУДИНЕ,ЧАЈЕТИНА,128,1
700177,ГОРЊЕ РАТАЈЕ,АЛЕКСАНДРОВАЦ,568,1
700185,ГОРЊИ ВРАТАРИ,АЛЕКСАНДРОВАЦ,160,1
700193,ГОРЊИ СТУПАЊ,АЛЕКСАНДРОВАЦ,440,1
700207,ГРЧАК,АЛЕКСАНДРОВАЦ,106,1
700215,ДАШНИЦА,АЛЕКСАНДРОВАЦ,507,1
700223,ДОБРОЉУПЦИ,АЛЕКСАНДРОВАЦ,285,1
700231,ДОЊА ЗЛЕГИЊА,АЛЕКСАНДРОВАЦ,181,1
704954,ДРЛУПА,СОПОТ,458,1
745847,МРШИНЦИ,ЧАЧАК,1144,1
706892,ПЛОЧА,БОСИЛЕГРАД,33,1
745855,ОВЧАР БАЊА,ЧАЧАК,118,1
804568,МАЛА БОСНА,СУБОТИЦА,909,1
700274,ДРЕНЧА,АЛЕКСАНДРОВАЦ,225,1
742287,ВЛАДОВЦЕ,ТРГОВИШТЕ,22,1
742295,ГОЛОЧЕВАЦ,ТРГОВИШТЕ,36,1
742309,ГОРНОВАЦ,ТРГОВИШТЕ,29,1
709930,КРНУЛЕ,ВЛАДИМИРЦИ,726,1
700398,НОВАЦИ,АЛЕКСАНДРОВАЦ,254,1
700401,ПАЊЕВАЦ,АЛЕКСАНДРОВАЦ,194,1
700410,ПАРЧИН,АЛЕКСАНДРОВАЦ,185,1
700428,ПЛЕШ,АЛЕКСАНДРОВАЦ,257,1
700436,ПЛОЧА,АЛЕКСАНДРОВАЦ,250,1
700541,СТРМЕНИЦА,АЛЕКСАНДРОВАЦ,60,1
705748,САЛАШ ЦРНОБАРСКИ,БОГАТИЋ,977,1
700550,СТУБАЛ,АЛЕКСАНДРОВАЦ,529,1
700568,СУБОТИЦА,АЛЕКСАНДРОВАЦ,511,1
700576,ТРЖАЦ,АЛЕКСАНДРОВАЦ,172,1
700584,ТРНАВЦИ,АЛЕКСАНДРОВАЦ,342,1
700592,ТУЛЕШ,АЛЕКСАНДРОВАЦ,333,1
700606,ШЉИВОВО,АЛЕКСАНДРОВАЦ,236,1
717843,ПРИЧЕВАЦ,КЊАЖЕВАЦ,0,1
717851,РАВНА,КЊАЖЕВАЦ,110,1
737305,НОСОЉИН,РАШКА,161,1
743615,ЖУПА,ТУТИН,711,1
717657,КЊАЖЕВАЦ,КЊАЖЕВАЦ,16350,1
717665,КОЖЕЉ,КЊАЖЕВАЦ,62,1
719536,ДЕДЕВЦИ,КРАЉЕВО,229,1
804606,СТАРИ ЖЕДНИК,СУБОТИЦА,1564,1
804614,СУБОТИЦА,СУБОТИЦА,88752,1
712965,ДОЊА КРУШЕВИЦА,ГОЛУБАЦ,245,1
712973,ДУШМАНИЋ,ГОЛУБАЦ,114,1
712981,ЖИТКОВИЦА,ГОЛУБАЦ,78,1
700169,ГОРЊА ЗЛЕГИЊА,АЛЕКСАНДРОВАЦ,284,1
713031,МИЉЕВИЋ,ГОЛУБАЦ,367,1
803413,МАРГИТА,ПЛАНДИШТЕ,770,1
714623,СМИЛОВЦИ,ДИМИТРОВГРАД,73,1
713066,РАДОШЕВАЦ,ГОЛУБАЦ,171,1
700614,АЛЕКСИНАЦ,АЛЕКСИНАЦ,14593,1
804444,СУРДУК,СТАРА ПАЗОВА,1202,1
700622,АЛЕКСИНАЧКИ БУЈМИР,АЛЕКСИНАЦ,405,1
700991,ЖИТКОВАЦ,АЛЕКСИНАЦ,2258,1
701009,ЈАКОВЉЕ,АЛЕКСИНАЦ,202,1
701017,ЈАСЕЊЕ,АЛЕКСИНАЦ,149,1
719544,ДОЛАЦ,КРАЉЕВО,112,1
719552,ДРАГОСИЊЦИ,КРАЉЕВО,589,1
719617,ЗАКЛОПАЧА,КРАЉЕВО,1046,1
712787,РАВНА ДУБРАВА,ГАЏИН ХАН,157,1
712795,СЕМЧЕ,ГАЏИН ХАН,113,1
801364,БАНАТСКО КАРАЂОРЂЕВО,ЖИТИШТЕ,1687,1
700789,ВУКАШИНОВАЦ,АЛЕКСИНАЦ,337,1
700797,ГЛОГОВИЦА,АЛЕКСИНАЦ,733,1
700819,ГОЛЕШНИЦА,АЛЕКСИНАЦ,0,1
700827,ГОРЊА ПЕШЧАНИЦА,АЛЕКСИНАЦ,142,1
700835,ГОРЊЕ СУХОТНО,АЛЕКСИНАЦ,238,1
700843,ГОРЊИ АДРОВАЦ,АЛЕКСИНАЦ,67,1
700851,ГОРЊИ КРУПАЦ,АЛЕКСИНАЦ,277,1
700860,ГОРЊИ ЉУБЕШ,АЛЕКСИНАЦ,136,1
702790,СОЛОТУША,БАЈИНА БАШТА,753,1
702803,СТРМОВО,БАЈИНА БАШТА,351,1
702811,ЦЕРЈЕ,БАЈИНА БАШТА,74,1
702820,ЦРВИЦА,БАЈИНА БАШТА,582,1
702838,БАДЊЕВАЦ,БАТОЧИНА,920,1
702846,БАТОЧИНА,БАТОЧИНА,5105,1
702854,БРЗАН,БАТОЧИНА,1444,1
702951,НИКШИЋ,БАТОЧИНА,144,1
702960,ПРЊАВОР,БАТОЧИНА,130,1
702978,ЦРНИ КАО,БАТОЧИНА,317,1
729299,МАЛЧА,ПАНТЕЛЕЈ,853,2
718335,СКАКАВЦИ,КОСЈЕРИЋ,189,1
804851,ЈАЗОВО,ЧОКА,517,1
804860,ОСТОЈИЋЕВО,ЧОКА,1800,1
719064,МАСЛОШЕВО,КРАГУЈЕВАЦ,321,1
721859,ДАБИНОВАЦ,КУРШУМЛИЈА,23,1
721867,ДАНКОВИЋЕ,КУРШУМЛИЈА,130,1
721875,ДЕГРМЕН,КУРШУМЛИЈА,46,1
721883,ДЕДИНАЦ,КУРШУМЛИЈА,55,1
723371,ЛУГАРЕ,ЛЕБАНЕ,317,1
741710,КРШАЊЕ,УЖИЦЕ,51,1
741728,ЛЕЛИЋИ,УЖИЦЕ,260,1
741736,ЉУБАЊЕ,УЖИЦЕ,638,1
743160,ТОБОЛАЦ,ТРСТЕНИК,394,1
743178,ТРСТЕНИК,ТРСТЕНИК,13476,1
803472,БУЂАНОВЦИ,РУМА,1224,1
743470,ГУЦЕВИЋЕ,ТУТИН,61,1
723517,СЕКИЦОЛ,ЛЕБАНЕ,12,1
723525,СЛИШАНЕ,ЛЕБАНЕ,56,1
723533,ТОГОЧЕВЦЕ,ЛЕБАНЕ,597,1
723541,ЋЕНОВАЦ,ЛЕБАНЕ,354,1
723568,ШАРЦЕ,ЛЕБАНЕ,47,1
733415,ОТАЊ,ПОЖЕГА,278,1
733423,ПАПРАТИШТЕ,ПОЖЕГА,169,1
733431,ПИЛАТОВИЋИ,ПОЖЕГА,621,1
733440,ПОЖЕГА,ПОЖЕГА,12362,1
733458,ПРИЈАНОВИЋИ,ПОЖЕГА,313,1
732001,СТАРЧЕВО,ПЕТРОВАЦ НА МЛАВИ,331,1
732010,ТАБАНОВАЦ,ПЕТРОВАЦ НА МЛАВИ,736,1
732028,ТРНОВЧЕ,ПЕТРОВАЦ НА МЛАВИ,568,1
732036,ЋОВДИН,ПЕТРОВАЦ НА МЛАВИ,740,1
732044,ШЕТОЊЕ,ПЕТРОВАЦ НА МЛАВИ,1160,1
733482,РАСНА,ПОЖЕГА,914,1
733504,РЕЧИЦЕ,ПОЖЕГА,126,1
732290,ДОЈКИНЦИ,ПИРОТ,93,1
733237,ГОРЊА ДОБРИЊА,ПОЖЕГА,312,1
705420,ЛАЗАРЕВАЦ,БЛАЦЕ,61,1
801488,АРАДАЦ,ЗРЕЊАНИН,2796,1
801496,БАНАТСКИ ДЕСПОТОВАЦ,ЗРЕЊАНИН,917,1
707171,ГРАШЕВЦИ,БРУС,375,1
721077,КОЊУХ,КРУШЕВАЦ,888,1
721271,МАЛО КРУШИНЦЕ,КРУШЕВАЦ,115,1
721093,КРВАВИЦА,КРУШЕВАЦ,627,1
721107,КРУШЕВАЦ,КРУШЕВАЦ,53746,1
721115,КУКЉИН,КРУШЕВАЦ,1250,1
739952,РАСПОГАНЧЕ,СЈЕНИЦА,98,1
740063,ТРЕШЊЕВИЦА,СЈЕНИЦА,26,1
700142,ГАРЕВИНА,АЛЕКСАНДРОВАЦ,317,1
746371,МИОКУС,ШАБАЦ,308,1
737364,ПЛЕШИН,РАШКА,88,1
737372,ПОБРЂЕ,РАШКА,332,1
721778,ВЛАХИЊА,КУРШУМЛИЈА,29,1
737402,ПОЦЕСЈЕ,РАШКА,11,1
737429,РАДОШИЋЕ,РАШКА,91,1
737488,СЕМЕТЕШ,РАШКА,57,1
723436,ПОПОВЦЕ,ЛЕБАНЕ,257,1
723444,ПОРОШТИЦА,ЛЕБАНЕ,35,1
723452,ПРЕКОПЧЕЛИЦА,ЛЕБАНЕ,311,1
801020,РАДИЧЕВИЋ,БЕЧЕЈ,856,1
723304,КЛАЈИЋ,ЛЕБАНЕ,82,1
723312,КОЊИНО,ЛЕБАНЕ,689,1
723339,КРИВАЧА,ЛЕБАНЕ,598,1
729612,ЧАМУРЛИЈА,ЦРВЕНИ КРСТ,480,2
729639,ЧОКОТ,ПАЛИЛУЛА (НИШ),1367,2
729647,ЧУКЉЕНИК,НИШКА БАЊА,182,2
729655,АКМАЧИЋИ,НОВА ВАРОШ,303,1
729663,АМЗИЋИ,НОВА ВАРОШ,75,1
729671,БИСТРИЦА,НОВА ВАРОШ,502,1
735043,ПОТОК,ПРИЈЕПОЉЕ,123,1
735051,ПРАВОШЕВО,ПРИЈЕПОЉЕ,17,1
721662,ШТИТАРЕ,КРУШЕВАЦ,362,1
721719,БАЋОГЛАВА,КУРШУМЛИЈА,186,1
721727,БЕЛО ПОЉЕ,КУРШУМЛИЈА,79,1
736392,ШИРОКЕ ЊИВЕ,ПРОКУПЉЕ,1,1
736406,ШИШМАНОВАЦ,ПРОКУПЉЕ,52,1
723924,ГОРИНА,ЛЕСКОВАЦ,553,1
723932,ГОРЊА БУНУША,ЛЕСКОВАЦ,406,1
723959,ГОРЊА ЈАЈИНА,ЛЕСКОВАЦ,442,1
746690,ЗЛАТАНЦЕ,ЦРНА ТРАВА,49,1
746703,ОБРАДОВЦЕ,ЦРНА ТРАВА,14,1
707279,ЖИЛИНЦИ,БРУС,70,1
746177,ДЕСИЋ,ШАБАЦ,180,1
804835,БАНАТСКИ МОНОШТОР,ЧОКА,62,1
746185,ДОБРИЋ,ШАБАЦ,867,1
746193,ДРЕНОВАЦ,ШАБАЦ,1576,1
801208,ОРЕШАЦ,ВРШАЦ,280,1
801267,СОЧИЦА,ВРШАЦ,112,1
801275,СТРАЖА,ВРШАЦ,490,1
801283,УЉМА,ВРШАЦ,2905,1
801224,ПАРТА,ВРШАЦ,354,1
734390,БИСКУПИЋИ,ПРИЈЕПОЉЕ,7,1
710822,ДОЊА ЛОМНИЦА,ВЛАСОТИНЦЕ,447,1
710849,ДОЊА ЛОПУШЊА,ВЛАСОТИНЦЕ,64,1
710857,ДОЊЕ ГАРЕ,ВЛАСОТИНЦЕ,48,1
710865,ДОЊИ ДЕЈАН,ВЛАСОТИНЦЕ,193,1
710873,ДОЊИ ПРИСЈАН,ВЛАСОТИНЦЕ,110,1
792012,НИШ (ПАНТЕЛЕЈ),ПАНТЕЛЕЈ,36354,2
792039,НИШ (ЦРВЕНИ КРСТ),ЦРВЕНИ КРСТ,11970,2
804762,ЗМАЈЕВО,ВРБАС,3456,1
721158,ЛОВЦИ,КРУШЕВАЦ,116,1
721166,ЛУКАВАЦ,КРУШЕВАЦ,270,1
721174,ЉУБАВА,КРУШЕВАЦ,429,1
726826,ЈАСИКОВО,МАЈДАНПЕК,478,1
727067,АЉУДОВО,МАЛО ЦРНИЋЕ,87,1
707562,ТРШАНОВЦИ,БРУС,577,1
720984,ЈАБЛАНИЦА,КРУШЕВАЦ,411,1
800228,СОНТА,АПАТИН,3194,1
720348,БОГОШТИЦА,КРУПАЊ,217,1
742929,МАЛА СУГУБИНА,ТРСТЕНИК,183,1
742937,МЕДВЕЂА,ТРСТЕНИК,1831,1
742945,МИЈАЈЛОВАЦ,ТРСТЕНИК,367,1
743038,ПОЧЕКОВИНА,ТРСТЕНИК,647,1
802158,КИКИНДА,КИКИНДА,32084,1
711004,ОРАШЈЕ,ВЛАСОТИНЦЕ,728,1
711012,ОСТРЦ,ВЛАСОТИНЦЕ,47,1
711039,ПРЖОЈНЕ,ВЛАСОТИНЦЕ,11,1
711047,ПРИЛЕПАЦ,ВЛАСОТИНЦЕ,375,1
802352,КОВИН,КОВИН,11623,1
723134,СЛОВАЦ,ЛАЈКОВАЦ,252,1
721018,КАМЕНАРЕ,КРУШЕВАЦ,353,1
729825,ЈАСЕНОВО,НОВА ВАРОШ,108,1
729833,КОМАРАНИ,НОВА ВАРОШ,224,1
802743,БЕГЕЧ,НОВИ САД,3005,1
800945,РАКОВАЦ,БЕОЧИН,2137,1
800953,СВИЛОШ,БЕОЧИН,239,1
800961,СУСЕК,БЕОЧИН,847,1
800970,ЧЕРЕВИЋ,БЕОЧИН,2141,1
721026,КАОНИК,КРУШЕВАЦ,1019,1
746215,ЖАБАР,ШАБАЦ,444,1
718432,ГОЛОЧЕЛО,КОЦЕЉЕВА,399,1
718459,ГРАДОЈЕВИЋ,КОЦЕЉЕВА,154,1
718467,ДОЊЕ ЦРНИЉЕВО,КОЦЕЉЕВА,655,1
718475,ДРАГИЊЕ,КОЦЕЉЕВА,1031,1
718483,ДРУЖЕТИЋ,КОЦЕЉЕВА,446,1
729558,СУВИ ДО,ПАЛИЛУЛА (НИШ),969,2
729566,СУПОВАЦ,ЦРВЕНИ КРСТ,289,2
721646,ШАШИЛОВАЦ,КРУШЕВАЦ,314,1
733903,СЕФЕР,ПРЕШЕВО,87,1
733911,СЛАВУЈЕВАЦ,ПРЕШЕВО,313,1
733920,СТАНЕВЦЕ,ПРЕШЕВО,50,1
733938,СТРЕЗОВЦЕ,ПРЕШЕВО,932,1
733946,ТРНАВА,ПРЕШЕВО,1245,1
700657,БАНКОВАЦ,АЛЕКСИНАЦ,124,1
700665,БЕЛИ БРЕГ,АЛЕКСИНАЦ,166,1
722146,ЉУТОВА,КУРШУМЛИЈА,2,1
722154,ЉУША,КУРШУМЛИЈА,68,1
722162,МАГОВО,КУРШУМЛИЈА,6,1
803740,БУСЕЊЕ,СЕЧАЊ,51,1
703427,ЦРВЕНА РЕКА,БЕЛА ПАЛАНКА,503,1
703451,ЧИФЛИК,БЕЛА ПАЛАНКА,66,1
719790,МАГЛИЧ,КРАЉЕВО,24,1
733750,ЖУЈИНЦЕ,ПРЕШЕВО,1102,1
726427,ПОЉАНИЦЕ,ЉИГ,321,1
801780,МАРАДИК,ИНЂИЈА,1879,1
700029,АЛЕКСАНДРОВАЦ,АЛЕКСАНДРОВАЦ,5586,1
734039,БРЕЗНА,ПРИБОЈ,16,1
734047,БУЧЈЕ,ПРИБОЈ,78,1
734055,ДОБРИЛОВИЋИ,ПРИБОЈ,432,1
703664,БЕГАЉИЦА,ГРОЦКА,2715,1
703672,БОЛЕЧ,ГРОЦКА,5955,1
703699,БРЕСТОВИК,ГРОЦКА,928,1
703702,ВИНЧА,ГРОЦКА,6924,1
703729,ВРЧИН,ГРОЦКА,8601,1
703737,ГРОЦКА,ГРОЦКА,8154,1
703745,ДРАЖАЊ,ГРОЦКА,1203,1
703753,ЖИВКОВАЦ,ГРОЦКА,302,1
703761,ЗАКЛОПАЧА,ГРОЦКА,2125,1
703770,КАЛУЂЕРИЦА,ГРОЦКА,28483,1
703788,КАМЕНДОЛ,ГРОЦКА,795,1
703796,ЛЕШТАНЕ,ГРОЦКА,10454,1
703800,ПУДАРЦИ,ГРОЦКА,1209,1
701351,ЋИЋИНА,АЛЕКСИНАЦ,156,1
701360,ЦРНА БАРА,АЛЕКСИНАЦ,89,1
800490,БОГАРАШ,БАЧКА ТОПОЛА,55,1
701378,ЧЕСТА,АЛЕКСИНАЦ,125,1
726699,СЕЛАНАЦ,ЉУБОВИЈА,247,1
744948,БИСТРИЦА,ЦРНА ТРАВА,2,1
744956,БРОД,ЦРНА ТРАВА,34,1
744964,ВУС,ЦРНА ТРАВА,2,1
744972,ГОРЊЕ ГАРЕ,ЦРНА ТРАВА,30,1
722731,ВУКОВИЋ,КУЧЕВО,151,1
722740,ДУБОКА,КУЧЕВО,703,1
722758,ЗЕЛЕНИК,КУЧЕВО,153,1
722766,КАОНА,КУЧЕВО,447,1
722774,КУЧАЈНА,КУЧЕВО,325,1
701475,ВРБИЦА,АРАНЂЕЛОВАЦ,3224,1
701483,ВУКОСАВЦИ,АРАНЂЕЛОВАЦ,187,1
701491,ГАРАШИ,АРАНЂЕЛОВАЦ,372,1
701769,ЛАТВИЦА,АРИЉЕ,230,1
701777,МИРОСАЉЦИ,АРИЉЕ,690,1
726869,МАЈДАНПЕК,МАЈДАНПЕК,6326,1
726877,МИРОЧ,МАЈДАНПЕК,235,1
726885,МОСНА,МАЈДАНПЕК,510,1
726893,РУДНА ГЛАВА,МАЈДАНПЕК,1601,1
702064,ДОЊИ СТРИЖЕВАЦ,БАБУШНИЦА,203,1
702072,ДРАГИНАЦ,БАБУШНИЦА,749,1
702099,ДУЧЕВАЦ,БАБУШНИЦА,40,1
702102,ЗАВИДИНЦЕ,БАБУШНИЦА,216,1
707783,ДОЊЕ НОВО СЕЛО,БУЈАНОВАЦ,42,1
702129,ЗВОНЦЕ,БАБУШНИЦА,124,1
702137,ИЗВОР,БАБУШНИЦА,157,1
804258,САЛАШ НОЋАЈСКИ,СРЕМСКА МИТРОВИЦА,1586,1
737160,КОВАЧИ,РАШКА,129,1
703095,ГОРЊА КОРИТНИЦА,БЕЛА ПАЛАНКА,32,1
803723,БАНАТСКА ДУБИЦА,СЕЧАЊ,262,1
703508,БАЋЕВАЦ,БАРАЈЕВО,2044,1
703516,БЕЉИНА,БАРАЈЕВО,695,1
703524,БОЖДАРЕВАЦ,БАРАЈЕВО,1146,1
703532,ВЕЛИКИ БОРАК,БАРАЈЕВО,1268,1
703559,ВРАНИЋ,БАРАЈЕВО,4119,1
703567,ГУНЦАТИ,БАРАЈЕВО,2494,1
703575,ЛИСОВИЋ,БАРАЈЕВО,986,1
703583,МАНИЋ,БАРАЈЕВО,481,1
703591,МЕЉАК,БАРАЈЕВО,2536,1
703605,РОЖАНЦИ,БАРАЈЕВО,397,1
703613,ШИЉАКОВАЦ,БАРАЈЕВО,632,1
703621,БЕЛИ ПОТОК,ВОЖДОВАЦ,3717,1
722243,МАЧКОВАЦ,КУРШУМЛИЈА,217,1
722251,МЕРДАРЕ,КУРШУМЛИЈА,87,1
722260,МЕРЋЕЗ,КУРШУМЛИЈА,7,1
703834,БЕЧМЕН,СУРЧИН,4006,1
703842,БОЉЕВЦИ,СУРЧИН,3781,1
722430,РАВНИ ШОРТ,КУРШУМЛИЈА,18,1
722448,РАСТЕЛИЦА,КУРШУМЛИЈА,5,1
722456,РАЧА,КУРШУМЛИЈА,144,1
722464,РУДАРЕ,КУРШУМЛИЈА,128,1
722472,САГОЊЕВО,КУРШУМЛИЈА,56,1
722499,САМОКОВО,КУРШУМЛИЈА,21,1
722502,СВИЊИШТЕ,КУРШУМЛИЈА,12,1
722529,СЕКИРАЧА,КУРШУМЛИЈА,8,1
722537,СЕЛИШТЕ,КУРШУМЛИЈА,6,1
722545,СЕЛОВА,КУРШУМЛИЈА,25,1
722553,СЕОЦЕ,КУРШУМЛИЈА,17,1
722561,СПАНЦЕ,КУРШУМЛИЈА,152,1
705756,СОВЉАК,БОГАТИЋ,482,1
737852,ТЕЧИЋ,РЕКОВАЦ,438,1
737879,УРСУЛЕ,РЕКОВАЦ,209,1
739910,ПОНОРАЦ,СЈЕНИЦА,187,1
708364,БРАНКОВИНА,ВАЉЕВО,445,1
800627,ТОМИСЛАВЦИ,БАЧКА ТОПОЛА,403,1
804436,СТАРИ БАНОВЦИ,СТАРА ПАЗОВА,5901,1
719625,ЗАКУТА,КРАЉЕВО,98,1
720704,ВЕЛИКА ЛОМНИЦА,КРУШЕВАЦ,665,1
720739,ВЕЛИКИ ШИЉЕГОВАЦ,КРУШЕВАЦ,1993,1
720747,ВЕЛИКО ГОЛОВОДЕ,КРУШЕВАЦ,780,1
713112,ШУВАЈИЋ,ГОЛУБАЦ,207,1
708445,ВРАГОЧАНИЦА,ВАЉЕВО,257,1
708453,ВУЈИНОВАЧА,ВАЉЕВО,114,1
708461,ГОЛА ГЛАВА,ВАЉЕВО,499,1
804118,ДИВОШ,СРЕМСКА МИТРОВИЦА,1075,1
708488,ГОРЊА БУКОВИЦА,ВАЉЕВО,701,1
708496,ГОРЊА ГРАБОВИЦА,ВАЉЕВО,1096,1
708500,ГОРЊЕ ЛЕСКОВИЦЕ,ВАЉЕВО,245,1
708518,ДЕГУРИЋ,ВАЉЕВО,343,1
728250,МАЉЕВИЋ,МИОНИЦА,287,1
704741,ОБРЕНОВАЦ,ОБРЕНОВАЦ,25380,1
704750,ОРАШАЦ,ОБРЕНОВАЦ,544,1
704768,ПИРОМАН,ОБРЕНОВАЦ,750,1
704776,ПОЉАНЕ,ОБРЕНОВАЦ,313,1
728306,ОСЕЧЕНИЦА,МИОНИЦА,500,1
728314,ПАШТРИЋ,МИОНИЦА,479,1
714143,СЛАДАЈА,ДЕСПОТОВАЦ,576,1
714151,СТЕЊЕВАЦ,ДЕСПОТОВАЦ,458,1
704865,БОРЧА,ПАЛИЛУЛА (БЕОГРАД),51862,1
725013,СТРОЈКОВЦЕ,ЛЕСКОВАЦ,1014,1
732966,ЖИВИЦА,ПОЖАРЕВАЦ,541,1
732974,КАСИДОЛ,ПОЖАРЕВАЦ,457,1
732982,КЛЕНОВНИК,КОСТОЛАЦ,990,2
739332,ВИШЊЕВА,СЈЕНИЦА,29,1
701696,ВРАНЕ,АРИЉЕ,679,1
702994,БЕЖИШТЕ,БЕЛА ПАЛАНКА,37,1
703001,БЕЛА ПАЛАНКА,БЕЛА ПАЛАНКА,7140,1
703010,БУКУРОВАЦ,БЕЛА ПАЛАНКА,19,1
703028,ВЕТА,БЕЛА ПАЛАНКА,45,1
703036,ВИТАНОВАЦ,БЕЛА ПАЛАНКА,21,1
703044,ВРАНДОЛ,БЕЛА ПАЛАНКА,212,1
703052,ВРГУДИНАЦ,БЕЛА ПАЛАНКА,101,1
703079,ГЛОГОВАЦ,БЕЛА ПАЛАНКА,18,1
703087,ГОРЊА ГЛАМА,БЕЛА ПАЛАНКА,12,1
719773,ЛОЗНО,КРАЉЕВО,88,1
719781,ЛОПАТНИЦА,КРАЉЕВО,163,1
701947,ВАВА,БАБУШНИЦА,135,1
803618,ПЛАТИЧЕВО,РУМА,2202,1
803626,ПУТИНЦИ,РУМА,2360,1
803634,РУМА,РУМА,27747,1
803642,СТЕЈАНОВЦИ,РУМА,762,1
803669,ХРТКОВЦИ,РУМА,2530,1
701793,РАДОБУЂА,АРИЉЕ,243,1
701807,РАДОШЕВО,АРИЉЕ,219,1
701815,СЕВЕРОВО,АРИЉЕ,159,1
701823,СТУПЧЕВИЋИ,АРИЉЕ,888,1
701831,ТРЕШЊЕВИЦА,АРИЉЕ,757,1
701840,ЦЕРОВА,АРИЉЕ,1162,1
701858,АЛЕКСАНДРОВАЦ,БАБУШНИЦА,40,1
701866,БАБУШНИЦА,БАБУШНИЦА,4254,1
701874,БЕРДУЈ,БАБУШНИЦА,54,1
701882,БЕРИН ИЗВОР,БАБУШНИЦА,10,1
701904,БОГДАНОВАЦ,БАБУШНИЦА,10,1
701912,БРАТИШЕВАЦ,БАБУШНИЦА,91,1
701939,БРЕСТОВ ДОЛ,БАБУШНИЦА,6,1
714828,АЛЕКСАНДРОВАЦ,ЖАБАРИ,1192,1
715042,КРЕПОЉИН,ЖАГУБИЦА,1210,1
715069,КРУПАЈА,ЖАГУБИЦА,439,1
715077,ЛАЗНИЦА,ЖАГУБИЦА,1180,1
715085,ЛИПЕ,ЖАГУБИЦА,1,1
715093,МЕДВЕЂИЦА,ЖАГУБИЦА,38,1
715107,МИЛАНОВАЦ,ЖАГУБИЦА,284,1
701718,ГРИВСКА,АРИЉЕ,210,1
701726,ДОБРАЧЕ,АРИЉЕ,548,1
701734,ДРАГОЈЕВАЦ,АРИЉЕ,209,1
701742,КРУШЧИЦА,АРИЉЕ,255,1
701955,ВАЛНИШ,БАБУШНИЦА,25,1
701963,ВЕЛИКО БОЊИНЦЕ,БАБУШНИЦА,179,1
701971,ВОЈНИЦИ,БАБУШНИЦА,61,1
701980,ВРЕЛО,БАБУШНИЦА,31,1
701998,ВУЧИ ДЕЛ,БАБУШНИЦА,43,1
702005,ГОРЊЕ КРЊИНО,БАБУШНИЦА,98,1
738484,БРЕСЈЕ,СВИЛАЈНАЦ,119,1
738492,ВОЈСКА,СВИЛАЈНАЦ,551,1
715115,МИЛАТОВАЦ,ЖАГУБИЦА,460,1
715123,ОСАНИЦА,ЖАГУБИЦА,882,1
715131,РИБАРЕ,ЖАГУБИЦА,273,1
715140,СЕЛИШТЕ,ЖАГУБИЦА,266,1
715158,СИГЕ,ЖАГУБИЦА,443,1
715166,СУВИ ДО,ЖАГУБИЦА,886,1
715174,АСАНОВАЦ,ЖИТОРАЂА,13,1
715182,БАДЊЕВАЦ,ЖИТОРАЂА,638,1
702013,ГОРЊИ СТРИЖЕВАЦ,БАБУШНИЦА,55,1
702021,ГОРЧИНЦЕ,БАБУШНИЦА,284,1
702030,ГРНЧАР,БАБУШНИЦА,39,1
702048,ДОЛ,БАБУШНИЦА,12,1
702056,ДОЊЕ КРЊИНО,БАБУШНИЦА,138,1
702463,БАЧЕВЦИ,БАЈИНА БАШТА,123,1
702579,ЗАУГЛИНЕ,БАЈИНА БАШТА,248,1
702587,ЗЛОДОЛ,БАЈИНА БАШТА,198,1
702595,ЈАГОШТИЦА,БАЈИНА БАШТА,59,1
702609,ЈАКАЉ,БАЈИНА БАШТА,338,1
702617,ЈЕЛОВИК,БАЈИНА БАШТА,107,1
702625,КОЊСКА РЕКА,БАЈИНА БАШТА,79,1
702633,КОСТОЈЕВИЋИ,БАЈИНА БАШТА,321,1
702641,ЛУГ,БАЈИНА БАШТА,2893,1
702650,ЉЕШТАНСКО,БАЈИНА БАШТА,227,1
702668,МАЛА РЕКА,БАЈИНА БАШТА,396,1
702676,ОБАЈГОРА,БАЈИНА БАШТА,785,1
702684,ОВЧИЊА,БАЈИНА БАШТА,427,1
702692,ОКЛЕТАЦ,БАЈИНА БАШТА,433,1
702706,ПЕПЕЉ,БАЈИНА БАШТА,104,1
702714,ПЕРУЋАЦ,БАЈИНА БАШТА,428,1
702722,ПИЛИЦА,БАЈИНА БАШТА,494,1
702749,ПРИДОЛИ,БАЈИНА БАШТА,215,1
702757,РАСТИШТЕ,БАЈИНА БАШТА,237,1
702765,РАЧА,БАЈИНА БАШТА,509,1
702773,РОГАЧИЦА,БАЈИНА БАШТА,510,1
702781,СИЈЕРАЧ,БАЈИНА БАШТА,85,1
703265,ЛАНИШТЕ,БЕЛА ПАЛАНКА,34,1
737666,КАЛЕНИЋКИ ПРЊАВОР,РЕКОВАЦ,106,1
737674,КАЛУДРА,РЕКОВАЦ,180,1
702285,ПРЕСЕКА,БАБУШНИЦА,108,1
702293,ПРОВАЉЕНИК,БАБУШНИЦА,83,1
702307,РАДИЊИНЦЕ,БАБУШНИЦА,100,1
702315,РАДОСИН,БАБУШНИЦА,16,1
703125,ДИВЉАНА,БЕЛА ПАЛАНКА,81,1
703303,МИРАНОВАЧКА КУЛА,БЕЛА ПАЛАНКА,3,1
703311,МОКЛИШТЕ,БЕЛА ПАЛАНКА,250,1
703320,МОКРА,БЕЛА ПАЛАНКА,186,1
715204,ВЛАХОВО,ЖИТОРАЂА,424,1
715212,ВОЉЧИНЦЕ,ЖИТОРАЂА,705,1
715239,ГЛАШИНЦЕ,ЖИТОРАЂА,337,1
715247,ГОРЊЕ ЦРНАТОВО,ЖИТОРАЂА,262,1
715255,ГОРЊИ ДРЕНОВАЦ,ЖИТОРАЂА,234,1
803677,БОГАРАШ,СЕНТА,436,1
803928,КОЛУТ,СОМБОР,1037,1
737739,ЛОЋИКА,РЕКОВАЦ,297,1
739162,БАРЕ,СЈЕНИЦА,22,1
739740,КРАЈИНОВИЋЕ,СЈЕНИЦА,43,1
708607,ЗАБРДИЦА,ВАЉЕВО,291,1
800341,КАРАЂОРЂЕВО,БАЧКА ПАЛАНКА,562,1
712809,СОПОТНИЦА,ГАЏИН ХАН,121,1
715492,ТОПОНИЦА,ЖИТОРАЂА,190,1
715506,БОРОВАЦ,ЗАЈЕЧАР,79,1
715514,БРУСНИК,ЗАЈЕЧАР,184,1
715522,ВЕЛИКА ЈАСИКОВА,ЗАЈЕЧАР,506,1
719765,ЛЕШЕВО,КРАЉЕВО,243,1
718092,БЈЕЛОПЕРИЦА,КОСЈЕРИЋ,195,1
718106,БРАЈКОВИЋИ,КОСЈЕРИЋ,649,1
718114,ВАРДА,КОСЈЕРИЋ,205,1
718122,ГАЛОВИЋИ,КОСЈЕРИЋ,166,1
718149,ГОДЕЧЕВО,КОСЈЕРИЋ,371,1
718157,ГОДЉЕВО,КОСЈЕРИЋ,200,1
718165,ГОРЊА ПОЛОШНИЦА,КОСЈЕРИЋ,50,1
719838,МЕЉАНИЦА,КРАЉЕВО,119,1
746568,СЛЕПЧЕВИЋ,ШАБАЦ,1298,1
716758,БАЈЧЕТИНА,КНИЋ,12,1
716766,БАЛОСАВЕ,КНИЋ,313,1
716774,БАРЕ,КНИЋ,252,1
716782,БЕЧЕВИЦА,КНИЋ,237,1
716804,БОРАЧ,КНИЋ,452,1
716812,БРЕСТОВАЦ,КНИЋ,163,1
716839,БРЊИЦА,КНИЋ,266,1
710245,ДУПЉАНЕ,ВЛАДИЧИН ХАН,56,1
710253,ЖИТОРАЂЕ,ВЛАДИЧИН ХАН,1257,1
710270,ЈАГЊИЛО,ВЛАДИЧИН ХАН,38,1
714844,ВИТЕЖЕВО,ЖАБАРИ,645,1
714852,ВЛАШКИ ДО,ЖАБАРИ,1142,1
804754,БАЧКО ДОБРО ПОЉЕ,ВРБАС,2992,1
715743,ЛАСОВО,ЗАЈЕЧАР,148,1
727121,ЗАБРЕГА,МАЛО ЦРНИЋЕ,111,1
717207,БАЛТА БЕРИЛОВАЦ,КЊАЖЕВАЦ,81,1
717215,БАЊСКИ ОРЕШАЦ,КЊАЖЕВАЦ,25,1
802409,СКОРЕНОВАЦ,КОВИН,1344,1
742872,ЛОЗНА,ТРСТЕНИК,301,1
712825,ТОПОНИЦА,ГАЏИН ХАН,736,1
712833,ЋЕЛИЈЕ,ГАЏИН ХАН,14,1
712841,ЧАГРОВАЦ,ГАЏИН ХАН,80,1
712850,ШЕБЕТ,ГАЏИН ХАН,37,1
712868,БАРИЧ,ГОЛУБАЦ,282,1
712876,БИКИЊЕ,ГОЛУБАЦ,160,1
712884,БРАНИЧЕВО,ГОЛУБАЦ,653,1
713473,КОШТУНИЋИ,ГОРЊИ МИЛАНОВАЦ,382,1
713481,КРИВА РЕКА,ГОРЊИ МИЛАНОВАЦ,51,1
713490,ЛЕУШИЋИ,ГОРЊИ МИЛАНОВАЦ,96,1
713503,ЛИПОВАЦ,ГОРЊИ МИЛАНОВАЦ,219,1
713511,ЛОЗАЊ,ГОРЊИ МИЛАНОВАЦ,159,1
708534,ДИВЧИБАРЕ,ВАЉЕВО,86,1
708542,ДОЊА БУКОВИЦА,ВАЉЕВО,415,1
708569,ДОЊЕ ЛЕСКОВИЦЕ,ВАЉЕВО,327,1
730980,ТЕНКОВО,НОВИ ПАЗАР,35,1
730998,ТРНАВА,НОВИ ПАЗАР,1036,1
803855,АЛЕКСА ШАНТИЋ,СОМБОР,1295,1
731005,ТУНОВО,НОВИ ПАЗАР,51,1
731021,ЦОКОВИЋЕ,НОВИ ПАЗАР,9,1
802166,МОКРИН,КИКИНДА,4540,1
720364,БРШТИЦА,КРУПАЊ,944,1
739383,ВРСЈЕНИЦЕ,СЈЕНИЦА,202,1
802751,БУДИСАВА,НОВИ САД,3107,1
728128,ВРТИГЛАВ,МИОНИЦА,341,1
710954,КРУШЕВИЦА,ВЛАСОТИНЦЕ,339,1
710962,КУКАВИЦА,ВЛАСОТИНЦЕ,375,1
710989,ЛАДОВИЦА,ВЛАСОТИНЦЕ,669,1
710997,ЛИПОВИЦА,ВЛАСОТИНЦЕ,187,1
733199,ВРАЊАНИ,ПОЖЕГА,373,1
717746,НОВО КОРИТО,КЊАЖЕВАЦ,63,1
802298,УЗДИН,КОВАЧИЦА,1628,1
721930,ДУБРАВА,КУРШУМЛИЈА,16,1
721948,ЂАКЕ,КУРШУМЛИЈА,25,1
721956,ЖАЛИЦА,КУРШУМЛИЈА,1,1
721964,ЖЕГРОВА,КУРШУМЛИЈА,22,1
721972,ЖУЧ,КУРШУМЛИЈА,125,1
724815,ПАЛОЈЦЕ,ЛЕСКОВАЦ,329,1
801640,ОРЛОВАТ,ЗРЕЊАНИН,1203,1
729515,РАУТОВО,НИШКА БАЊА,8,2
701386,ЧУКУРОВАЦ,АЛЕКСИНАЦ,68,1
701394,ШУРИЋ,АЛЕКСИНАЦ,101,1
701408,АРАНЂЕЛОВАЦ,АРАНЂЕЛОВАЦ,22881,1
701416,БАЊА,АРАНЂЕЛОВАЦ,1965,1
701424,БОСУТА,АРАНЂЕЛОВАЦ,290,1
701432,БРЕЗОВАЦ,АРАНЂЕЛОВАЦ,554,1
701459,БУКОВИК,АРАНЂЕЛОВАЦ,2342,1
701467,ВЕНЧАНЕ,АРАНЂЕЛОВАЦ,1065,1
706221,БОЉЕВАЦ СЕЛО,БОЉЕВАЦ,264,1
706230,ВАЛАКОЊЕ,БОЉЕВАЦ,806,1
706248,ВРБОВАЦ,БОЉЕВАЦ,70,1
800511,ГУНАРОШ,БАЧКА ТОПОЛА,1012,1
803880,БЕЗДАН,СОМБОР,3269,1
803804,НЕУЗИНА,СЕЧАЊ,1022,1
706825,ЈАРЕШНИК,БОСИЛЕГРАД,31,1
744735,НОВАЦИ,УБ,565,1
744743,ПАЉУВИ,УБ,538,1
744751,ПАМБУКОВИЦА,УБ,740,1
744760,РАДЉЕВО,УБ,379,1
744778,РАДУША,УБ,180,1
744786,РУКЛАДА,УБ,257,1
744794,СЛАТИНА,УБ,286,1
744808,СОВЉАК,УБ,1704,1
744816,СТУБЛЕНИЦА,УБ,746,1
744824,ТАКОВО,УБ,780,1
744832,ТВРДОЈЕВАЦ,УБ,245,1
744859,ТРЛИЋ,УБ,769,1
744867,ТРЊАЦИ,УБ,711,1
705845,ГОРЊЕ БРИЈАЊЕ,БОЈНИК,317,1
716383,ПРИЛИКЕ,ИВАЊИЦА,1112,1
734934,МИЛОШЕВ ДО,ПРИЈЕПОЉЕ,29,1
734942,МИЉЕВИЋИ,ПРИЈЕПОЉЕ,518,1
734969,МРЧКОВИНА,ПРИЈЕПОЉЕ,14,1
730076,БРЂАНИ,НОВИ ПАЗАР,64,1
734586,ДОЊИ СТРАЊАНИ,ПРИЈЕПОЉЕ,24,1
734594,ДРЕНОВА,ПРИЈЕПОЉЕ,109,1
734608,ДУШМАНИЋИ,ПРИЈЕПОЉЕ,226,1
734616,ЂУРАШИЋИ,ПРИЈЕПОЉЕ,114,1
734977,МУШКОВИНА,ПРИЈЕПОЉЕ,9,1
734993,ОРАШАЦ,ПРИЈЕПОЉЕ,94,1
735019,ОСОЈЕ,ПРИЈЕПОЉЕ,404,1
735027,ОШТРА СТИЈЕНА,ПРИЈЕПОЉЕ,25,1
736368,ЋУКОВАЦ,ПРОКУПЉЕ,231,1
736376,ЏИГОЉ,ПРОКУПЉЕ,149,1
804142,ЈАРАК,СРЕМСКА МИТРОВИЦА,1782,1
803731,БОКА,СЕЧАЊ,1143,1
723746,БРЗА,ЛЕСКОВАЦ,814,1
723754,БРИЧЕВЉЕ,ЛЕСКОВАЦ,153,1
723762,БУКОВА ГЛАВА,ЛЕСКОВАЦ,210,1
791113,БЕОГРАД (ЧУКАРИЦА),ЧУКАРИЦА,138187,1
705055,РАЉА,СОПОТ,2904,1
705179,РУШАЊ,ЧУКАРИЦА,4507,1
736171,ПОТОЧИЋ,ПРОКУПЉЕ,359,1
736180,ПРЕКАДИН,ПРОКУПЉЕ,113,1
736198,ПРЕКАШНИЦА,ПРОКУПЉЕ,8,1
736201,ПРЕКОПУЦЕ,ПРОКУПЉЕ,48,1
736210,ПРОКУПЉЕ,ПРОКУПЉЕ,24627,1
742554,ЦРВЕНИ ГРАД,ТРГОВИШТЕ,47,1
742562,ЦРНА РЕКА,ТРГОВИШТЕ,25,1
742589,ЦРНОВЦЕ,ТРГОВИШТЕ,50,1
742597,ШАЈИНЦЕ,ТРГОВИШТЕ,70,1
742805,ДОЊИ ДУБИЧ,ТРСТЕНИК,142,1
742813,ДОЊИ РИБНИК,ТРСТЕНИК,440,1
742821,ДУБЉЕ,ТРСТЕНИК,360,1
742830,ЈАСИКОВИЦА,ТРСТЕНИК,467,1
742848,КАМЕЊАЧА,ТРСТЕНИК,260,1
706272,ИЛИНО,БОЉЕВАЦ,95,1
708879,ПАУНЕ,ВАЉЕВО,403,1
708887,ПЕТНИЦА,ВАЉЕВО,682,1
720453,КРУПАЊ,КРУПАЊ,4134,1
720461,ЛИКОДРА,КРУПАЊ,542,1
803324,БАНАТСКИ СОКОЛАЦ,ПЛАНДИШТЕ,178,1
802450,НОВА ЦРВЕНКА,КУЛА,313,1
730041,БЕКОВА,НОВИ ПАЗАР,52,1
730050,БЕЛЕ ВОДЕ,НОВИ ПАЗАР,948,1
739081,РИБАРЕ,СВРЉИГ,191,1
739090,СВРЉИГ,СВРЉИГ,6762,1
739103,СЛИВЈЕ,СВРЉИГ,50,1
739111,ТИЈОВАЦ,СВРЉИГ,31,1
739120,ЦРНОЉЕВИЦА,СВРЉИГ,140,1
739138,ШЉИВОВИК,СВРЉИГ,15,1
704105,ЛЕСКОВАЦ,ЛАЗАРЕВАЦ,697,1
704113,ЛУКАВИЦА,ЛАЗАРЕВАЦ,459,1
704121,МАЛИ ЦРЉЕНИ,ЛАЗАРЕВАЦ,742,1
704130,МЕДОШЕВАЦ,ЛАЗАРЕВАЦ,503,1
704148,МИРОСАЉЦИ,ЛАЗАРЕВАЦ,1361,1
704156,ПЕТКА,ЛАЗАРЕВАЦ,1459,1
704261,ЦВЕТОВАЦ,ЛАЗАРЕВАЦ,146,1
703141,ДОЛАЦ (СЕЛО),БЕЛА ПАЛАНКА,43,1
703150,ДОЊА ГЛАМА,БЕЛА ПАЛАНКА,1,1
703168,ДОЊА КОРИТНИЦА,БЕЛА ПАЛАНКА,102,1
703176,ДОЊИ РИЊ,БЕЛА ПАЛАНКА,2,1
703184,ДРАЖЕВО,БЕЛА ПАЛАНКА,7,1
703192,КЛЕЊЕ,БЕЛА ПАЛАНКА,12,1
703206,КЛИСУРА,БЕЛА ПАЛАНКА,136,1
703214,КОЗЈА,БЕЛА ПАЛАНКА,16,1
703222,КОСМОВАЦ,БЕЛА ПАЛАНКА,38,1
727318,ВРАПЦЕ,МЕДВЕЂА,17,1
800899,БАНОШТОР,БЕОЧИН,643,1
800902,БЕОЧИН,БЕОЧИН,7274,1
800929,ГРАБОВО,БЕОЧИН,65,1
741418,СУХИ ДОЛ,СУРДУЛИЦА,26,1
741426,ТОПЛИ ДО,СУРДУЛИЦА,17,1
741434,ТОПЛИ ДОЛ,СУРДУЛИЦА,27,1
741442,ТРОСКАЧ,СУРДУЛИЦА,2,1
741469,ЋУРКОВИЦА,СУРДУЛИЦА,153,1
741477,БИОСКА,УЖИЦЕ,262,1
800996,БАЧКО ПЕТРОВО СЕЛО,БЕЧЕЈ,5393,1
801003,БЕЧЕЈ,БЕЧЕЈ,19492,1
803715,ТОРЊОШ,СЕНТА,1241,1
730823,РАЈЕТИЋЕ,НОВИ ПАЗАР,8,1
730840,РАЈЧИНОВИЋЕ,НОВИ ПАЗАР,885,1
705543,СИБНИЦА,БЛАЦЕ,294,1
705551,СТУБАЛ,БЛАЦЕ,291,1
732125,БЛАТО,ПИРОТ,424,1
739502,ДРАЖЕВИЋЕ,СЈЕНИЦА,281,1
739529,ДРУЖИНИЋЕ,СЈЕНИЦА,26,1
739537,ДУБНИЦА,СЈЕНИЦА,446,1
802433,КУЛА,КУЛА,14873,1
725455,ЈОШЕВА,ЛОЗНИЦА,963,1
741531,ГОРЈАНИ,УЖИЦЕ,570,1
741540,ГОСТИНИЦА,УЖИЦЕ,487,1
705110,СТОЈНИК,СОПОТ,510,1
705187,СРЕМЧИЦА,ЧУКАРИЦА,19434,1
803057,БАНАТСКИ БРЕСТОВАЦ,ПАНЧЕВО,2785,1
718351,СУБЈЕЛ,КОСЈЕРИЋ,120,1
724343,ЗАГУЖАНЕ,ЛЕСКОВАЦ,266,1
724351,ЗАЛУЖЊЕ,ЛЕСКОВАЦ,336,1
724386,ЗОЉЕВО,ЛЕСКОВАЦ,215,1
724394,ИГРИШТЕ,ЛЕСКОВАЦ,241,1
724408,ЈАРСЕНОВО,ЛЕСКОВАЦ,225,1
724416,ЈАШУЊА,ЛЕСКОВАЦ,300,1
724629,МАНОЈЛОВЦЕ,ЛЕСКОВАЦ,683,1
724726,НОВО СЕЛО,ЛЕСКОВАЦ,7,1
725170,ШАРЛИНЦЕ,ЛЕСКОВАЦ,624,1
725188,ШИШИНЦЕ,ЛЕСКОВАЦ,552,1
725196,БАЊА КОВИЉАЧА,ЛОЗНИЦА,4473,1
800546,КАРАЂОРЂЕВО,БАЧКА ТОПОЛА,349,1
725544,ЛИПНИЧКИ ШОР,ЛОЗНИЦА,2390,1
725552,ЛОЗНИЦА,ЛОЗНИЦА,19515,1
725579,ЛОЗНИЧКО ПОЉЕ,ЛОЗНИЦА,7199,1
725528,ЛЕШНИЦА,ЛОЗНИЦА,3818,1
725536,ЛИПНИЦА,ЛОЗНИЦА,794,1
706884,ПАРАЛОВО,БОСИЛЕГРАД,88,1
733610,ЧЕСТОБРОДИЦА,ПОЖЕГА,190,1
733628,АЛИЂЕРЦЕ,ПРЕШЕВО,927,1
733636,БЕРЧЕВАЦ,ПРЕШЕВО,5,1
734144,КАСИДОЛИ,ПРИБОЈ,278,1
734152,КРАТОВО,ПРИБОЈ,215,1
734179,КРЊАЧА,ПРИБОЈ,102,1
725633,РИБАРИЦЕ,ЛОЗНИЦА,267,1
725641,РУЊАНИ,ЛОЗНИЦА,2289,1
725650,СИМИНО БРДО,ЛОЗНИЦА,156,1
725668,СЛАТИНА,ЛОЗНИЦА,104,1
725676,СТРАЖА,ЛОЗНИЦА,737,1
725684,СТУПНИЦА,ЛОЗНИЦА,676,1
743631,ЗАПАДНИ МОЈСТИР,ТУТИН,272,1
711667,КОЋУРА,ВРАЊЕ,33,1
711675,КРИВА ФЕЈА,ВРАЊСКА БАЊА,406,2
728578,ЈАСЕНИЦА,НЕГОТИН,355,1
800236,БАЧ,БАЧ,4405,1
802727,СИГЕТ,НОВИ КНЕЖЕВАЦ,118,1
719331,БЗОВИК,КРАЉЕВО,116,1
719340,БОГУТОВАЦ,КРАЉЕВО,362,1
743534,ДОЛОВО,ТУТИН,290,1
743542,ДРАГА,ТУТИН,820,1
743569,ДУБОВО,ТУТИН,1251,1
802611,НОВИ БЕЧЕЈ,НОВИ БЕЧЕЈ,10967,1
719595,ДРЛУПА,КРАЉЕВО,96,1
719609,ЂАКОВО,КРАЉЕВО,99,1
723720,БРЕЈАНОВЦЕ,ЛЕСКОВАЦ,252,1
723738,БРЕСТОВАЦ,ЛЕСКОВАЦ,1713,1
736422,ВАРОШ,РАЖАЊ,216,1
710261,ЗЕБИНЦЕ,ВЛАДИЧИН ХАН,26,1
801194,МЕСИЋ,ВРШАЦ,186,1
737194,КРАВИЋЕ,РАШКА,96,1
737208,КРЕМИЋЕ,РАШКА,3,1
737216,КРУШЕВИЦА,РАШКА,59,1
737224,КУРИЋИ,РАШКА,54,1
737232,КУЋАНЕ,РАШКА,126,1
737259,ЛИСИНА,РАШКА,29,1
743054,РАЈИНАЦ,ТРСТЕНИК,108,1
743062,РИЂЕВШТИЦА,ТРСТЕНИК,337,1
743089,РИЉАЦ,ТРСТЕНИК,367,1
743097,РУЈИШНИК,ТРСТЕНИК,435,1
743119,СЕЛИШТЕ,ТРСТЕНИК,706,1
743127,СТАРИ ТРСТЕНИК,ТРСТЕНИК,498,1
743135,СТОПАЊА,ТРСТЕНИК,1002,1
743143,СТРАГАРИ,ТРСТЕНИК,443,1
726818,ДОЊИ МИЛАНОВАЦ,МАЈДАНПЕК,1984,1
702439,ЦРВЕНА ЈАБУКА,БАБУШНИЦА,17,1
702447,ШТРБОВАЦ,БАБУШНИЦА,9,1
735108,СЕДОБРО,ПРИЈЕПОЉЕ,252,1
735116,СЕЉАНЕ,ПРИЈЕПОЉЕ,113,1
735124,СЕЉАШНИЦА,ПРИЈЕПОЉЕ,654,1
800139,ЈАНОШИК,АЛИБУНАР,681,1
728586,КАРБУЛОВО,НЕГОТИН,268,1
728594,КОБИШНИЦА,НЕГОТИН,887,1
728608,КОВИЛОВО,НЕГОТИН,188,1
728616,МАЛА КАМЕНИЦА,НЕГОТИН,217,1
706299,ЈАБЛАНИЦА,БОЉЕВАЦ,184,1
706302,КРИВИ ВИР,БОЉЕВАЦ,215,1
706329,ЛУКОВО,БОЉЕВАЦ,471,1
706337,МАЛИ ИЗВОР,БОЉЕВАЦ,360,1
706345,МИРОВО,БОЉЕВАЦ,119,1
706353,ОСНИЋ,БОЉЕВАЦ,821,1
706361,ПОДГОРАЦ,БОЉЕВАЦ,1555,1
722600,ТРЕБИЊЕ,КУРШУМЛИЈА,15,1
722618,ТРЕЋАК,КУРШУМЛИЈА,29,1
722626,ТРМКА,КУРШУМЛИЈА,13,1
722634,ТРН,КУРШУМЛИЈА,6,1
722642,ТРПЕЗЕ,КУРШУМЛИЈА,16,1
737291,НОВО СЕЛО,РАШКА,173,1
737763,НАДРЉЕ,РЕКОВАЦ,101,1
737771,ОПАРИЋ,РЕКОВАЦ,636,1
737780,ПРЕВЕШТ,РЕКОВАЦ,148,1
704067,ЗЕОКЕ,ЛАЗАРЕВАЦ,163,1
704075,ЈУНКОВАЦ,ЛАЗАРЕВАЦ,652,1
726109,ПУХОВО,ЛУЧАНИ,494,1
726117,ПШАНИК,ЛУЧАНИ,118,1
726125,РОГАЧА,ЛУЧАНИ,217,1
726249,ГУКОШ,ЉИГ,183,1
726257,ДИЋИ,ЉИГ,109,1
726265,ДОЊИ БАЊАНИ,ЉИГ,134,1
726273,ЖИВКОВЦИ,ЉИГ,384,1
726281,ИВАНОВЦИ,ЉИГ,308,1
726290,ЈАЈЧИЋ,ЉИГ,341,1
726303,КАДИНА ЛУКА,ЉИГ,358,1
735817,ЂУШНИЦА,ПРОКУПЉЕ,26,1
735825,ЖИТНИ ПОТОК,ПРОКУПЉЕ,468,1
735833,ЗДРАВИЊЕ,ПРОКУПЉЕ,90,1
735841,ЗЛАТА,ПРОКУПЉЕ,96,1
735850,ЈАБУЧЕВО,ПРОКУПЉЕ,6,1
740551,ШАЛИНАЦ,СМЕДЕРЕВО,501,1
740721,СМЕДЕРЕВСКА ПАЛАНКА,СМЕДЕРЕВСКА ПАЛАНКА,20345,1
740730,СТОЈАЧАК,СМЕДЕРЕВСКА ПАЛАНКА,267,1
740748,ЦЕРОВАЦ,СМЕДЕРЕВСКА ПАЛАНКА,774,1
727113,ВРБНИЦА,МАЛО ЦРНИЋЕ,250,1
727393,ГУРГУТОВО,МЕДВЕЂА,41,1
727407,ДОЊА ЛАПАШТИЦА,МЕДВЕЂА,15,1
727415,ДОЊИ БУЧУМЕТ,МЕДВЕЂА,90,1
727423,ДОЊИ ГАЈТАН,МЕДВЕЂА,38,1
727431,ДРЕНЦЕ,МЕДВЕЂА,32,1
727440,ЂУЛЕКАРЕ,МЕДВЕЂА,97,1
727458,КАПИТ,МЕДВЕЂА,87,1
744271,МРЗЕНИЦА,ЋИЋЕВАЦ,130,1
744280,ПЛОЧНИК,ЋИЋЕВАЦ,396,1
744298,ПОЈАТЕ,ЋИЋЕВАЦ,755,1
744301,СТАЛАЋ,ЋИЋЕВАЦ,1268,1
744310,ТРУБАРЕВО,ЋИЋЕВАЦ,72,1
729230,КРАВЉЕ,ЦРВЕНИ КРСТ,233,2
729248,КУНОВИЦА,НИШКА БАЊА,22,2
729256,ЛАЗАРЕВО СЕЛО,НИШКА БАЊА,112,2
724157,ДОЊА ЈАЈИНА,ЛЕСКОВАЦ,1072,1
724165,ДОЊА КУПИНОВИЦА,ЛЕСКОВАЦ,33,1
724173,ДОЊА ЛОКОШНИЦА,ЛЕСКОВАЦ,696,1
705373,ЂУРЕВАЦ,БЛАЦЕ,303,1
705381,КАЧАПОР,БЛАЦЕ,34,1
746436,ПЕТКОВИЦА,ШАБАЦ,668,1
722138,ЛУКОВО,КУРШУМЛИЈА,198,1
716324,МЕЂУРЕЧЈЕ,ИВАЊИЦА,118,1
716332,МОЧИОЦИ,ИВАЊИЦА,74,1
727733,ЦРНИ ВРХ,МЕДВЕЂА,61,1
727741,ЧОКОТИН,МЕДВЕЂА,25,1
727750,АЗБРЕСНИЦА,МЕРОШИНА,588,1
717428,ГРЕЗНА,КЊАЖЕВАЦ,223,1
717436,ДЕБЕЛИЦА,КЊАЖЕВАЦ,196,1
717444,ДЕЈАНОВАЦ,КЊАЖЕВАЦ,3,1
746533,СИНОШЕВИЋ,ШАБАЦ,494,1
722863,РАБРОВО,КУЧЕВО,755,1
746622,ШТИТАР,ШАБАЦ,1781,1
746649,ЖИЧА,КРАЉЕВО,4656,1
718947,КАМЕНИЦА,КРАГУЈЕВАЦ,267,1
718963,КОРМАН,КРАГУЈЕВАЦ,596,1
718971,КОТРАЖА,КРАГУЈЕВАЦ,157,1
719269,ЦВЕТОЈЕВАЦ,КРАГУЈЕВАЦ,770,1
719277,ЦЕРОВАЦ,КРАГУЈЕВАЦ,805,1
726206,БОШЊАНОВИЋ,ЉИГ,179,1
726214,БРАНЧИЋ,ЉИГ,421,1
726222,ВЕЛИШЕВАЦ,ЉИГ,291,1
709638,МАКЦЕ,ВЕЛИКО ГРАДИШТЕ,666,1
727148,КОБИЉЕ,МАЛО ЦРНИЋЕ,473,1
727679,СПОНЦЕ,МЕДВЕЂА,45,1
727687,СРЕДЊИ БУЧУМЕТ,МЕДВЕЂА,78,1
738239,ЛУКАР,ЈАГОДИНА,79,1
738247,МАЈУР,ЈАГОДИНА,2480,1
703915,УГРИНОВЦИ,ЗЕМУН,11859,1
703923,АРАПОВАЦ,ЛАЗАРЕВАЦ,587,1
703931,БАРЗИЛОВИЦА,ЛАЗАРЕВАЦ,757,1
703940,БАРОШЕВАЦ,ЛАЗАРЕВАЦ,844,1
703958,БИСТРИЦА,ЛАЗАРЕВАЦ,356,1
703966,БРАЈКОВАЦ,ЛАЗАРЕВАЦ,861,1
703974,БУРОВО,ЛАЗАРЕВАЦ,406,1
728179,ГУЊИЦА,МИОНИЦА,74,1
703982,ВЕЛИКИ ЦРЉЕНИ,ЛАЗАРЕВАЦ,3888,1
704008,ВРБОВНО,ЛАЗАРЕВАЦ,1042,1
739359,ВИШЊИЦЕ,СЈЕНИЦА,32,1
726435,СЛАВКОВИЦА,ЉИГ,469,1
728667,МОКРАЊЕ,НЕГОТИН,353,1
725919,ДЉИН,ЛУЧАНИ,781,1
725927,ДОЊА КРАВАРИЦА,ЛУЧАНИ,279,1
725935,ДОЊИ ДУБАЦ,ЛУЧАНИ,326,1
725943,ДУЧАЛОВИЋИ,ЛУЧАНИ,285,1
745383,ТРИПКОВА,ЧАЈЕТИНА,221,1
725625,ПОМИЈАЧА,ЛОЗНИЦА,70,1
728675,НЕГОТИН,НЕГОТИН,14647,1
728683,ПЛАВНА,НЕГОТИН,567,1
740985,ТРГОВИШТЕ,СОКОБАЊА,211,1
740993,ТРУБАРЕВАЦ,СОКОБАЊА,390,1
741019,ЦЕРОВИЦА,СОКОБАЊА,11,1
741027,ЧИТЛУК,СОКОБАЊА,429,1
741035,ШАРБАНОВАЦ,СОКОБАЊА,294,1
704253,ТРБУШНИЦА,ЛАЗАРЕВАЦ,608,1
706906,РАДИЧЕВЦИ,БОСИЛЕГРАД,100,1
738824,ДАВИДОВАЦ,СВРЉИГ,57,1
700266,ДОЊИ СТУПАЊ,АЛЕКСАНДРОВАЦ,758,1
804576,МИШИЋЕВО,СУБОТИЦА,266,1
700282,ЈЕЛАКЦИ,АЛЕКСАНДРОВАЦ,205,1
700304,КОЖЕТИН,АЛЕКСАНДРОВАЦ,795,1
700312,КОЗНИЦА,АЛЕКСАНДРОВАЦ,77,1
700339,ЛАТКОВАЦ,АЛЕКСАНДРОВАЦ,331,1
700347,ЛАЋИСЛЕД,АЛЕКСАНДРОВАЦ,569,1
700355,ЛЕСЕНОВЦИ,АЛЕКСАНДРОВАЦ,119,1
728012,МРАМОРСКИ ПОТОК,ПАЛИЛУЛА (НИШ),295,2
728039,ОБЛАЧИНА,МЕРОШИНА,337,1
734756,КАРОШЕВИНА,ПРИЈЕПОЉЕ,116,1
734764,КАЋЕВО,ПРИЈЕПОЉЕ,42,1
734772,КАШИЦЕ,ПРИЈЕПОЉЕ,46,1
741566,ДОБРОДО,УЖИЦЕ,194,1
741574,ДРЕЖНИК,УЖИЦЕ,473,1
741655,КАРАН,УЖИЦЕ,477,1
741663,КАЧЕР,УЖИЦЕ,452,1
742376,ДОЊИ СТАЈЕВАЦ,ТРГОВИШТЕ,327,1
742384,ДУМБИЈА,ТРГОВИШТЕ,0,1
742392,ЂЕРЕКАРЦЕ,ТРГОВИШТЕ,65,1
804657,ШУПЉАК,СУБОТИЦА,863,1
734918,МИЛАКОВИЋИ,ПРИЈЕПОЉЕ,20,1
734926,МИЛЕШЕВО,ПРИЈЕПОЉЕ,94,1
741507,ВИТАСИ,УЖИЦЕ,134,1
741515,ВОЛУЈАЦ,УЖИЦЕ,818,1
741523,ВРУТЦИ,УЖИЦЕ,73,1
745898,ПЕТНИЦА,ЧАЧАК,117,1
745901,ПРЕЉИНА,ЧАЧАК,1581,1
745910,ПРЕМЕЋА,ЧАЧАК,171,1
745928,ПРИДВОРИЦА,ЧАЧАК,155,1
730114,ВИДОВО,НОВИ ПАЗАР,69,1
730122,ВИТКОВИЋЕ,НОВИ ПАЗАР,40,1
705047,ПОПОВИЋ,СОПОТ,1604,1
705063,РОГАЧА,СОПОТ,837,1
705071,РОПОЧЕВО,СОПОТ,2546,1
705080,СИБНИЦА,СОПОТ,532,1
705098,СЛАТИНА,СОПОТ,222,1
742414,КАЛОВО,ТРГОВИШТЕ,12,1
733776,КУРБАЛИЈА,ПРЕШЕВО,65,1
705489,ПРЕБРЕЗА,БЛАЦЕ,189,1
733814,НОРЧА,ПРЕШЕВО,869,1
704938,БАБЕ,СОПОТ,307,1
704946,ГУБЕРЕВАЦ,СОПОТ,464,1
803871,БАЧКИ МОНОШТОР,СОМБОР,2647,1
801623,МЕЛЕНЦИ,ЗРЕЊАНИН,5198,1
804193,МАНЂЕЛОС,СРЕМСКА МИТРОВИЦА,1099,1
739928,ПРАЉА,СЈЕНИЦА,18,1
739936,РАЖДАГИЊА,СЈЕНИЦА,517,1
721379,ПАСЈАК,КРУШЕВАЦ,215,1
721387,ПЕПЕЉЕВАЦ,КРУШЕВАЦ,1942,1
721395,ПЕТИНА,КРУШЕВАЦ,269,1
721409,ПОЗЛАТА,КРУШЕВАЦ,109,1
804061,БЕШЕНОВАЧКИ ПРЊАВОР,СРЕМСКА МИТРОВИЦА,52,1
804070,БЕШЕНОВО,СРЕМСКА МИТРОВИЦА,675,1
800635,ПАНОНИЈА,БАЧКА ТОПОЛА,452,1
720097,РИБНИЦА,КРАЉЕВО,1626,1
740861,ЛЕВОВИК,СОКОБАЊА,102,1
740870,МИЛУШИНАЦ,СОКОБАЊА,211,1
740888,МУЖИНАЦ,СОКОБАЊА,288,1
740896,НИКОЛИНАЦ,СОКОБАЊА,214,1
740900,НОВО СЕЛО,СОКОБАЊА,19,1
740918,ПОРУЖНИЦА,СОКОБАЊА,258,1
740926,РАДЕНКОВАЦ,СОКОБАЊА,40,1
740934,РЕСНИК,СОКОБАЊА,593,1
740942,РУЈЕВИЦА,СОКОБАЊА,121,1
740969,СЕСАЛАЦ,СОКОБАЊА,130,1
721298,МЕШЕВО,КРУШЕВАЦ,428,1
721301,МОДРИЦА,КРУШЕВАЦ,717,1
721310,МУДРАКОВАЦ,КРУШЕВАЦ,3924,1
721328,НАУПАРЕ,КРУШЕВАЦ,429,1
803596,НИКИНЦИ,РУМА,1551,1
803600,ПАВЛОВЦИ,РУМА,342,1
704717,ЉУБИНИЋ,ОБРЕНОВАЦ,639,1
704725,МАЛА МОШТАНИЦА,ОБРЕНОВАЦ,1812,1
704733,МИСЛОЂИН,ОБРЕНОВАЦ,2302,1
734497,ГОРЊЕ БАБИНЕ,ПРИЈЕПОЉЕ,152,1
734519,ГОРЊЕ ГОРАЧИЋЕ,ПРИЈЕПОЉЕ,30,1
734527,ГОРЊИ СТРАЊАНИ,ПРИЈЕПОЉЕ,32,1
746401,НАКУЧАНИ,ШАБАЦ,399,1
714160,СТРМОСТЕН,ДЕСПОТОВАЦ,642,1
714178,ТРУЋЕВАЦ,ДЕСПОТОВАЦ,267,1
714186,БОЉЕВ ДОЛ,ДИМИТРОВГРАД,1,1
714194,БАНСКИ ДОЛ,ДИМИТРОВГРАД,2,1
732346,ЈЕЛОВИЦА,ПИРОТ,38,1
732354,КАМИК,ПИРОТ,30,1
732362,КОПРИВШТИЦА,ПИРОТ,26,1
732389,КОСТУР,ПИРОТ,203,1
732397,КРУПАЦ,ПИРОТ,1028,1
732419,КУМАНОВО,ПИРОТ,11,1
732435,МАЛИ ЈОВАНОВАЦ,ПИРОТ,96,1
732443,МАЛИ СУВОДОЛ,ПИРОТ,184,1
804100,ГРГУРЕВЦИ,СРЕМСКА МИТРОВИЦА,880,1
723584,ШТУЛАЦ,ЛЕБАНЕ,185,1
723592,ШУМАНЕ,ЛЕБАНЕ,1114,1
713082,СНЕГОТИН,ГОЛУБАЦ,123,1
745715,КОЊЕВИЋИ,ЧАЧАК,769,1
745723,КУКИЋИ,ЧАЧАК,429,1
722693,БРОДИЦА,КУЧЕВО,259,1
722707,БУКОВСКА,КУЧЕВО,286,1
722715,ВЕЛИКА БРЕСНИЦА,КУЧЕВО,154,1
722723,ВОЛУЈА,КУЧЕВО,712,1
723797,ВЕЛИКА БИЉАНИЦА,ЛЕСКОВАЦ,428,1
723819,ВЕЛИКА ГРАБОВНИЦА,ЛЕСКОВАЦ,1086,1
723827,ВЕЛИКА КОПАШНИЦА,ЛЕСКОВАЦ,431,1
723835,ВЕЛИКА СЕЈАНИЦА,ЛЕСКОВАЦ,522,1
732931,ДРАГОВАЦ,ПОЖАРЕВАЦ,686,1
732796,ЦЕРЕВ ДЕЛ,ПИРОТ,5,1
732800,ЦЕРОВА,ПИРОТ,51,1
732818,ЦРВЕНЧЕВО,ПИРОТ,59,1
732826,ЦРНОКЛИШТЕ,ПИРОТ,188,1
732834,ЧИНИГЛАВЦИ,ПИРОТ,133,1
732842,ШУГРИН,ПИРОТ,13,1
732869,БАРЕ,ПОЖАРЕВАЦ,617,1
732877,БАТОВАЦ,ПОЖАРЕВАЦ,394,1
732885,БЕРАЊЕ,ПОЖАРЕВАЦ,282,1
732893,БРАДАРАЦ,ПОЖАРЕВАЦ,653,1
723843,ВЕЛИКО ТРЊАНЕ,ЛЕСКОВАЦ,755,1
709018,СТАНИНА РЕКА,ВАЉЕВО,255,1
722898,РАКОВА БАРА,КУЧЕВО,280,1
722901,СЕНА,КУЧЕВО,117,1
722987,ВРАЧЕВИЋ,ЛАЈКОВАЦ,713,1
722995,ДОЊИ ЛАЈКОВАЦ,ЛАЈКОВАЦ,354,1
723002,ЈАБУЧЈЕ,ЛАЈКОВАЦ,2770,1
723029,ЛАЈКОВАЦ (ВАРОШ),ЛАЈКОВАЦ,3211,1
723037,ЛАЈКОВАЦ (СЕЛО),ЛАЈКОВАЦ,1958,1
723045,МАЛИ БОРАК,ЛАЈКОВАЦ,0,1
726133,РТАРИ,ЛУЧАНИ,156,1
726141,РТИ,ЛУЧАНИ,378,1
704873,ВЕЛИКО СЕЛО,ПАЛИЛУЛА (БЕОГРАД),1465,1
714232,БРАЋЕВЦИ,ДИМИТРОВГРАД,2,1
714259,БРЕБЕВНИЦА,ДИМИТРОВГРАД,10,1
714267,ВЕРЗАР,ДИМИТРОВГРАД,0,1
714275,ВИСОЧКИ ОДОРОВЦИ,ДИМИТРОВГРАД,39,1
736686,БОРЦИ,РАЧА,222,1
736694,БОШЊАНЕ,РАЧА,433,1
706604,БОСИЛЕГРАД,БОСИЛЕГРАД,2348,1
706612,БРАНКОВЦИ,БОСИЛЕГРАД,43,1
706639,БРЕСНИЦА,БОСИЛЕГРАД,29,1
706647,БУЦЕЉЕВО,БОСИЛЕГРАД,5,1
706655,ГЛОЖЈЕ,БОСИЛЕГРАД,125,1
706663,ГОЛЕШ,БОСИЛЕГРАД,16,1
706671,ГОРЊА ЛИСИНА,БОСИЛЕГРАД,189,1
720011,ПОЛУМИР,КРАЉЕВО,204,1
720020,ПОПОВИЋИ,КРАЉЕВО,259,1
720038,ПРЕДОЛЕ,КРАЉЕВО,42,1
720046,ПРОГОРЕЛИЦА,КРАЉЕВО,773,1
720054,РАВАНИЦА,КРАЉЕВО,545,1
720062,РАТИНА,КРАЉЕВО,3028,1
736929,БЕОЦИ,РАШКА,293,1
723428,ПЕТРОВАЦ,ЛЕБАНЕ,14,1
736945,БИНИЋЕ,РАШКА,51,1
743275,БОВАЊ,ТУТИН,19,1
743283,БОРОШТИЦА,ТУТИН,490,1
736961,БОРОВИЋЕ,РАШКА,42,1
722880,РАДЕНКА,КУЧЕВО,364,1
737704,ЛЕПОЈЕВИЋ,РЕКОВАЦ,227,1
737712,ЛОМНИЦА,РЕКОВАЦ,116,1
734560,ДИВЦИ,ПРИЈЕПОЉЕ,245,1
734578,ДОЊЕ БАБИНЕ,ПРИЈЕПОЉЕ,167,1
736139,ПЕСТИШ,ПРОКУПЉЕ,1,1
736147,ПЕТРОВАЦ,ПРОКУПЉЕ,215,1
737119,ЖУТИЦЕ,РАШКА,169,1
737127,ЗАРЕВО,РАШКА,64,1
737135,ЈОШАНИЧКА БАЊА,РАШКА,914,1
737143,КАЗНОВИЋЕ,РАШКА,378,1
708305,БЕЛОШЕВАЦ,ВАЉЕВО,936,1
708313,БЕОМУЖЕВИЋ,ВАЉЕВО,378,1
708321,БЛИЗОЊЕ,ВАЉЕВО,251,1
708330,БОБОВА,ВАЉЕВО,248,1
709433,НОВО СЕЛО,ВЕЛИКА ПЛАНА,1038,1
709441,РАДОВАЊЕ,ВЕЛИКА ПЛАНА,501,1
709450,РАКИНАЦ,ВЕЛИКА ПЛАНА,738,1
709468,СТАРО СЕЛО,ВЕЛИКА ПЛАНА,2292,1
709476,ТРНОВЧЕ,ВЕЛИКА ПЛАНА,757,1
792055,НИШ (ПАЛИЛУЛА),ПАЛИЛУЛА (НИШ),52182,2
708747,КОТЕШИЦА,ВАЉЕВО,441,1
708763,ЛЕЛИЋ,ВАЉЕВО,415,1
728225,КЉУЧ,МИОНИЦА,341,1
745367,СИРОГОЈНО,ЧАЈЕТИНА,539,1
745375,СТУБЛО,ЧАЈЕТИНА,63,1
738565,ЂУРИНАЦ,СВИЛАЈНАЦ,171,1
738573,КУПИНОВАЦ,СВИЛАЈНАЦ,242,1
709271,ОБРЕЖ,ВАРВАРИН,2297,1
802077,ОРОМ,КАЊИЖА,1128,1
736872,БАЉЕВАЦ,РАШКА,1272,1
736899,БЕЛА СТЕНА,РАШКА,544,1
732770,ТОПЛИ ДО,ПИРОТ,33,1
736970,БОЋЕ,РАШКА,16,1
800589,МИЋУНОВО,БАЧКА ТОПОЛА,371,1
739545,ДУГА ПОЉАНА,СЈЕНИЦА,487,1
739553,ДУЈКЕ,СЈЕНИЦА,203,1
744654,КОЖУАР,УБ,530,1
744662,КРШНА ГЛАВА,УБ,151,1
744689,ЛИСО ПОЉЕ,УБ,173,1
744697,ЛОНЧАНИК,УБ,414,1
744719,МИЛОРЦИ,УБ,314,1
744727,МУРГАШ,УБ,527,1
709913,КОЗАРИЦА,ВЛАДИМИРЦИ,170,1
709921,КРНИЋ,ВЛАДИМИРЦИ,427,1
713937,ДЕСПОТОВАЦ,ДЕСПОТОВАЦ,3595,1
713945,ВОЈНИК,ДЕСПОТОВАЦ,692,1
713953,ЖИДИЉЕ,ДЕСПОТОВАЦ,39,1
713961,ЗЛАТОВО,ДЕСПОТОВАЦ,509,1
713970,ЈАСЕНОВО,ДЕСПОТОВАЦ,586,1
713988,ЈЕЗЕРО,ДЕСПОТОВАЦ,275,1
713996,ЈЕЛОВАЦ,ДЕСПОТОВАЦ,255,1
714003,ЛИПОВИЦА,ДЕСПОТОВАЦ,381,1
714011,ЛОМНИЦА,ДЕСПОТОВАЦ,739,1
714038,МЕДВЕЂА,ДЕСПОТОВАЦ,632,1
742155,МАСКАР,ТОПОЛА,185,1
742163,НАТАЛИНЦИ,ТОПОЛА,517,1
742171,ОВСИШТЕ,ТОПОЛА,483,1
720674,БУЦИ,КРУШЕВАЦ,312,1
710024,ПЕЈИНОВИЋ,ВЛАДИМИРЦИ,153,1
710032,ПРОВО,ВЛАДИМИРЦИ,1737,1
710059,РИЂАКЕ,ВЛАДИМИРЦИ,295,1
710741,ГОРЊА ЛОПУШЊА,ВЛАСОТИНЦЕ,21,1
726800,ДЕБЕЛИ ЛУГ,МАЈДАНПЕК,326,1
720267,УШЋЕ,КРАЉЕВО,1577,1
721212,МАЛА ВРБНИЦА,КРУШЕВАЦ,207,1
721239,МАЛА РЕКА,КРУШЕВАЦ,109,1
717797,ПЕТРУША,КЊАЖЕВАЦ,45,1
717819,ПОДВИС,КЊАЖЕВАЦ,160,1
717827,ПОНОР,КЊАЖЕВАЦ,29,1
717835,ПОТРКАЊЕ,КЊАЖЕВАЦ,37,1
711144,ЦРНА БАРА,ВЛАСОТИНЦЕ,49,1
711152,ЦРНАТОВО,ВЛАСОТИНЦЕ,70,1
711292,ВЛАСЕ,ВРАЊЕ,289,1
711306,ВРАЊЕ,ВРАЊЕ,50954,1
711314,ВРАЊСКА БАЊА,ВРАЊСКА БАЊА,4260,2
711322,ВРТОГОШ,ВРАЊЕ,1045,1
711888,ОБЛИЧКА СЕНА,ВРАЊЕ,10,1
711896,ОШТРА ГЛАВА,ВРАЊЕ,19,1
711900,ПАВЛОВАЦ,ВРАЊЕ,510,1
711918,ПАНЕВЉЕ,ВРАЊСКА БАЊА,159,2
711985,РАТАЈЕ,ВРАЊЕ,489,1
712175,СТУДЕНА,ВРАЊЕ,38,1
734985,ОРАОВАЦ,ПРИЈЕПОЉЕ,221,1
712434,ПОДУНАВЦИ,ВРЊАЧКА БАЊА,1337,1
712442,РСАВЦИ,ВРЊАЧКА БАЊА,322,1
712469,РУЂИНЦИ,ВРЊАЧКА БАЊА,2273,1
712477,СТАНИШИНЦИ,ВРЊАЧКА БАЊА,197,1
712485,ШТУЛАЦ,ВРЊАЧКА БАЊА,1032,1
712493,ВЕЛИКИ ВРТОП,ГАЏИН ХАН,98,1
712507,ВЕЛИКИ КРЧИМИР,ГАЏИН ХАН,149,1
712515,ВИЛАНДРИЦА,ГАЏИН ХАН,116,1
713210,БРУСНИЦА,ГОРЊИ МИЛАНОВАЦ,729,1
713228,ВАРНИЦЕ,ГОРЊИ МИЛАНОВАЦ,63,1
745995,РОШЦИ,ЧАЧАК,247,1
713252,ВРНЧАНИ,ГОРЊИ МИЛАНОВАЦ,224,1
713317,ГОРЊИ БРАНЕТИЋИ,ГОРЊИ МИЛАНОВАЦ,348,1
746240,ЈЕВРЕМОВАЦ,ШАБАЦ,3390,1
739987,РАШКОВИЋЕ,СЈЕНИЦА,106,1
739995,СЈЕНИЦА,СЈЕНИЦА,12989,1
740519,СКОБАЉ,СМЕДЕРЕВО,1397,1
740527,СМЕДЕРЕВО,СМЕДЕРЕВО,59261,1
740535,СУВОДОЛ,СМЕДЕРЕВО,690,1
713597,НАКУЧАНИ,ГОРЊИ МИЛАНОВАЦ,49,1
713619,НЕВАДЕ,ГОРЊИ МИЛАНОВАЦ,644,1
713627,ОЗРЕМ,ГОРЊИ МИЛАНОВАЦ,214,1
713635,ПОЛОМ,ГОРЊИ МИЛАНОВАЦ,175,1
714500,ПАСКАШИЈА,ДИМИТРОВГРАД,4,1
734691,ИВЕЗИЋИ,ПРИЈЕПОЉЕ,73,1
803430,МИЛЕТИЋЕВО,ПЛАНДИШТЕ,341,1
731986,РАШАНАЦ,ПЕТРОВАЦ НА МЛАВИ,450,1
731994,СТАМНИЦА,ПЕТРОВАЦ НА МЛАВИ,947,1
800473,БАЧКА ТОПОЛА,БАЧКА ТОПОЛА,11930,1
732249,ГОРЊА ДРЖИНА,ПИРОТ,15,1
732257,ГОСТУША,ПИРОТ,30,1
732265,ГРАДАШНИЦА,ПИРОТ,333,1
732273,ГРАДИШТЕ,ПИРОТ,38,1
732281,ДОБРИ ДО,ПИРОТ,27,1
733245,ГОРОБИЉЕ,ПОЖЕГА,1117,1
717878,РАДИЧЕВАЦ,КЊАЖЕВАЦ,15,1
717886,РГОШТЕ,КЊАЖЕВАЦ,212,1
717894,РЕПУШНИЦА,КЊАЖЕВАЦ,0,1
717908,СВРЉИШКА ТОПЛА,КЊАЖЕВАЦ,31,1
717916,СКРОБНИЦА,КЊАЖЕВАЦ,32,1
718491,ЗУКВЕ,КОЦЕЉЕВА,179,1
718505,КАМЕНИЦА,КОЦЕЉЕВА,419,1
718513,КОЦЕЉЕВА,КОЦЕЉЕВА,4007,1
718521,ЉУТИЦЕ,КОЦЕЉЕВА,369,1
701025,КАМЕНИЦА,АЛЕКСИНАЦ,38,1
701033,КАТУН,АЛЕКСИНАЦ,422,1
736031,МРЉАК,ПРОКУПЉЕ,9,1
736040,МРШЕЉ,ПРОКУПЉЕ,76,1
736155,ПИСКАЉЕ,ПРОКУПЉЕ,11,1
736163,ПЛОЧНИК,ПРОКУПЉЕ,101,1
736295,СМРДАН,ПРОКУПЉЕ,49,1
801682,ТОМАШЕВАЦ,ЗРЕЊАНИН,1212,1
801704,ФАРКАЖДИН,ЗРЕЊАНИН,957,1
800651,ПОБЕДА,БАЧКА ТОПОЛА,176,1
727903,ДУДУЛАЈЦЕ,МЕРОШИНА,189,1
724696,НАВАЛИН,ЛЕСКОВАЦ,683,1
724700,НАКРИВАЊ,ЛЕСКОВАЦ,938,1
801836,ЧОРТАНОВЦИ,ИНЂИЈА,2002,1
801895,ИРИГ,ИРИГ,3901,1
801909,ЈАЗАК,ИРИГ,773,1
801917,КРУШЕДОЛ ПРЊАВОР,ИРИГ,136,1
805009,ГИБАРАЦ,ШИД,731,1
725242,ВЕЛИКО СЕЛО,ЛОЗНИЦА,311,1
724319,ЖАБЉАНЕ,ЛЕСКОВАЦ,503,1
743429,ГОДОВО,ТУТИН,167,1
740098,ТУТИЋЕ,СЈЕНИЦА,13,1
740101,УВАЦ,СЈЕНИЦА,15,1
740110,УГАО,СЈЕНИЦА,444,1
740128,УРСУЛЕ,СЈЕНИЦА,150,1
720305,ЧУКОЈЕВАЦ,КРАЉЕВО,920,1
717762,ОШЉАНЕ,КЊАЖЕВАЦ,85,1
717789,ПАПРАТНА,КЊАЖЕВАЦ,2,1
707236,ДУПЦИ,БРУС,321,1
707252,ЖАРЕВО,БРУС,43,1
729779,ДЕБЕЉА,НОВА ВАРОШ,92,1
729787,ДОЊА БЕЛА РЕКА,НОВА ВАРОШ,190,1
729795,ДРАГЛИЦА,НОВА ВАРОШ,151,1
729809,ДРАЖЕВИЋИ,НОВА ВАРОШ,315,1
729817,ДРМАНОВИЋИ,НОВА ВАРОШ,294,1
743496,ДЕЛИМЕЂЕ,ТУТИН,303,1
743500,ДЕТАНЕ,ТУТИН,105,1
803537,ДОБРИНЦИ,РУМА,1372,1
803545,ДОЊИ ПЕТРОВЦИ,РУМА,765,1
803553,ЖАРКОВАЦ,РУМА,799,1
803561,КЛЕНАК,РУМА,2603,1
802620,НОВО МИЛОШЕВО,НОВИ БЕЧЕЈ,5022,1
802638,БАНАТСКО АРАНЂЕЛОВО,НОВИ КНЕЖЕВАЦ,1004,1
743585,ЂЕРЕКАРЕ,ТУТИН,488,1
800686,СТАРА МОРАВИЦА,БАЧКА ТОПОЛА,3909,1
715859,ПЛАНИНИЦА,ЗАЈЕЧАР,104,1
715867,ПРЛИТА,ЗАЈЕЧАР,89,1
739707,КЛАДНИЦА,СЈЕНИЦА,334,1
739715,КНЕЖЕВАЦ,СЈЕНИЦА,86,1
716111,ДЕРЕТИН,ИВАЊИЦА,157,1
716120,ДОБРИ ДО,ИВАЊИЦА,164,1
716138,ДУБРАВА,ИВАЊИЦА,1533,1
716146,ЕРЧЕГЕ,ИВАЊИЦА,65,1
716154,ИВАЊИЦА,ИВАЊИЦА,11240,1
716162,ЈАВОРСКА РАВНА ГОРА,ИВАЊИЦА,63,1
802794,КИСАЧ,НОВИ САД,4511,1
716197,КЛЕКОВА,ИВАЊИЦА,57,1
802824,НОВИ САД,НОВИ САД,260438,1
802832,ПЕТРОВАРАДИН,НОВИ САД,15621,1
716308,МАСКОВА,ИВАЊИЦА,99,1
716316,МЕДОВИНЕ,ИВАЊИЦА,49,1
802867,СРЕМСКА КАМЕНИЦА,НОВИ САД,12632,1
717592,ЈАЊА,КЊАЖЕВАЦ,13,1
717606,ЈЕЛАШНИЦА,КЊАЖЕВАЦ,100,1
717614,КАЛИЧИНА,КЊАЖЕВАЦ,180,1
800619,ЊЕГОШЕВО,БАЧКА ТОПОЛА,417,1
802972,ДЕРОЊЕ,ОЏАЦИ,2106,1
802999,КАРАВУКОВО,ОЏАЦИ,3586,1
803120,ОМОЉИЦА,ПАНЧЕВО,5605,1
803138,ПАНЧЕВО,ПАНЧЕВО,73401,1
719498,ГОДАЧИЦА,КРАЉЕВО,699,1
803090,ИВАНОВО,ПАНЧЕВО,974,1
804410,НОВИ БАНОВЦИ,СТАРА ПАЗОВА,8796,1
717118,РАШКОВИЋ,КНИЋ,159,1
717126,СУМОРОВАЦ,КНИЋ,80,1
706132,СЛАВНИК,БОЈНИК,68,1
706159,СТУБЛА,БОЈНИК,578,1
706167,ТУРЈАНЕ,БОЈНИК,12,1
706175,ЋУКОВАЦ,БОЈНИК,28,1
706183,ЦРКВИЦА,БОЈНИК,441,1
706191,БАЧЕВИЦА,БОЉЕВАЦ,218,1
706205,БОГОВИНА,БОЉЕВАЦ,908,1
706213,БОЉЕВАЦ,БОЉЕВАЦ,2894,1
739766,КРЊА ЈЕЛА,СЈЕНИЦА,28,1
739774,КРСТАЦ,СЈЕНИЦА,10,1
740586,БАЧИНАЦ,СМЕДЕРЕВСКА ПАЛАНКА,569,1
728071,БЕРКОВАЦ,МИОНИЦА,331,1
728080,БРЕЖЂЕ,МИОНИЦА,402,1
743151,СТУБЛИЦА,ТРСТЕНИК,140,1
713279,ГОЈНА ГОРА,ГОРЊИ МИЛАНОВАЦ,469,1
804908,ЧОКА,ЧОКА,3119,1
713686,РУЧИЋИ,ГОРЊИ МИЛАНОВАЦ,46,1
739561,ДУНИШИЋЕ,СЈЕНИЦА,160,1
746061,ЧАЧАК,ЧАЧАК,69598,1
746070,БЕЛА РЕКА,ШАБАЦ,706,1
746100,БУКОР,ШАБАЦ,497,1
746118,ВАРНА,ШАБАЦ,1331,1
801925,КРУШЕДОЛ СЕЛО,ИРИГ,288,1
801933,МАЛА РЕМЕТА,ИРИГ,119,1
801950,РИВИЦА,ИРИГ,532,1
728721,РАЈАЦ,НЕГОТИН,192,1
728730,РЕЧКА,НЕГОТИН,223,1
728748,РОГЉЕВО,НЕГОТИН,98,1
728756,САМАРИНОВАЦ,НЕГОТИН,319,1
728764,СИКОЛЕ,НЕГОТИН,397,1
728772,СЛАТИНА,НЕГОТИН,246,1
728799,СМЕДОВАЦ,НЕГОТИН,50,1
728802,СРБОВО,НЕГОТИН,289,1
737810,РЕКОВАЦ,РЕКОВАЦ,1283,1
737828,СЕКУРИЧ,РЕКОВАЦ,366,1
737836,СИБНИЦА,РЕКОВАЦ,156,1
737844,СИЉЕВИЦА,РЕКОВАЦ,85,1
743755,ЛЕСКОВА,ТУТИН,503,1
743763,ЛИПИЦА,ТУТИН,45,1
745120,РУПЉЕ,ЦРНА ТРАВА,4,1
731609,СИСЕВАЦ,ПАРАЋИН,14,1
731650,ЧЕПУРЕ,ПАРАЋИН,658,1
731668,ШАВАЦ,ПАРАЋИН,403,1
731676,ШАЛУДОВАЦ,ПАРАЋИН,292,1
731684,БИСТРИЦА,ПЕТРОВАЦ НА МЛАВИ,586,1
731692,БОШЊАК,ПЕТРОВАЦ НА МЛАВИ,451,1
731706,БУРОВАЦ,ПЕТРОВАЦ НА МЛАВИ,644,1
731714,БУСУР,ПЕТРОВАЦ НА МЛАВИ,815,1
731722,ВЕЗИЧЕВО,ПЕТРОВАЦ НА МЛАВИ,482,1
731749,ВЕЛИКИ ПОПОВАЦ,ПЕТРОВАЦ НА МЛАВИ,956,1
731757,ВЕЛИКО ЛАОЛЕ,ПЕТРОВАЦ НА МЛАВИ,1421,1
731765,ВИТОВНИЦА,ПЕТРОВАЦ НА МЛАВИ,137,1
731773,ВОШАНОВАЦ,ПЕТРОВАЦ НА МЛАВИ,323,1
731781,ДОБРЊЕ,ПЕТРОВАЦ НА МЛАВИ,447,1
731790,ДУБОЧКА,ПЕТРОВАЦ НА МЛАВИ,379,1
731803,ЖДРЕЛО,ПЕТРОВАЦ НА МЛАВИ,511,1
731811,ЗАБРЂЕ,ПЕТРОВАЦ НА МЛАВИ,548,1
731820,КАМЕНОВО,ПЕТРОВАЦ НА МЛАВИ,697,1
731838,КЛАДУРОВО,ПЕТРОВАЦ НА МЛАВИ,317,1
731846,КНЕЖИЦА,ПЕТРОВАЦ НА МЛАВИ,539,1
731854,КРВИЈЕ,ПЕТРОВАЦ НА МЛАВИ,350,1
731862,ЛЕСКОВАЦ,ПЕТРОВАЦ НА МЛАВИ,254,1
719889,МИЛИЋЕ,КРАЉЕВО,176,1
719897,МИЛОЧАЈ,КРАЉЕВО,887,1
802107,ХОРГОШ,КАЊИЖА,4608,1
742759,ГОРЊИ ДУБИЧ,ТРСТЕНИК,50,1
742767,ГОРЊИ РИБНИК,ТРСТЕНИК,478,1
742775,ГРАБОВАЦ,ТРСТЕНИК,83,1
800422,ТОВАРИШЕВО,БАЧКА ПАЛАНКА,2321,1
712132,СТРЕШАК,ВРАЊЕ,24,1
712159,СТРОПСКО,ВРАЊЕ,168,1
715832,НИКОЛИЧЕВО,ЗАЈЕЧАР,563,1
720844,ГОРЊИ СТЕПОШ,КРУШЕВАЦ,725,1
720852,ГРЕВЦИ,КРУШЕВАЦ,285,1
720879,ГРКЉАНЕ,КРУШЕВАЦ,318,1
714470,ЛУКАВИЦА,ДИМИТРОВГРАД,318,1
714488,МАЗГОШ,ДИМИТРОВГРАД,16,1
720801,ГАГЛОВО,КРУШЕВАЦ,570,1
720810,ГАРИ,КРУШЕВАЦ,460,1
714658,ДОЉЕВАЦ,ДОЉЕВАЦ,1494,1
800392,ПАРАГЕ,БАЧКА ПАЛАНКА,792,1
802174,НАКОВО,КИКИНДА,1444,1
730505,ЛЕЧА,НОВИ ПАЗАР,265,1
730513,ЛОПУЖЊЕ,НОВИ ПАЗАР,9,1
730521,ЛУКАРЕ,НОВИ ПАЗАР,437,1
730530,ЛУКАРСКО ГОШЕВО,НОВИ ПАЗАР,896,1
730548,ЛУКОЦРЕВО,НОВИ ПАЗАР,140,1
730556,МИШЧИЋЕ,НОВИ ПАЗАР,134,1
730564,МУР,НОВИ ПАЗАР,4818,1
730572,МУХОВО,НОВИ ПАЗАР,316,1
742023,ДОЊА ТРНАВА,ТОПОЛА,660,1
742031,ДОЊА ШАТОРЊА,ТОПОЛА,579,1
700738,ВИТКОВАЦ,АЛЕКСИНАЦ,250,1
700746,ВРЕЛО,АЛЕКСИНАЦ,136,1
713040,МРЧКОВАЦ,ГОЛУБАЦ,187,1
731030,ЧАШИЋ ДОЛАЦ,НОВИ ПАЗАР,128,1
804894,ЦРНА БАРА,ЧОКА,295,1
740250,ШУШУРЕ,СЈЕНИЦА,19,1
740268,БАДЉЕВИЦА,СМЕДЕРЕВО,315,1
740276,БИНОВАЦ,СМЕДЕРЕВО,357,1
740284,ВОДАЊ,СМЕДЕРЕВО,1085,1
729841,КУЋАНИ,НОВА ВАРОШ,175,1
729850,ЉЕПОЈЕВИЋИ,НОВА ВАРОШ,121,1
729868,МИШЕВИЋИ,НОВА ВАРОШ,66,1
729876,НЕГБИНА,НОВА ВАРОШ,271,1
736333,ТОВРЉАНЕ,ПРОКУПЉЕ,28,1
736341,ТРНОВИ ЛАЗ,ПРОКУПЉЕ,30,1
736350,ТУЛАРЕ,ПРОКУПЉЕ,149,1
721123,ЛАЗАРЕВАЦ,КРУШЕВАЦ,476,1
721131,ЛАЗАРИЦА,КРУШЕВАЦ,1753,1
737534,ШИПАЧИНА,РАШКА,81,1
711055,РАВНА ГОРА,ВЛАСОТИНЦЕ,21,1
746223,ЗАБЛАЋЕ,ШАБАЦ,475,1
721034,КАПИЏИЈА,КРУШЕВАЦ,1361,1
717924,СЛАТИНА,КЊАЖЕВАЦ,64,1
717932,СТАЊИНАЦ,КЊАЖЕВАЦ,25,1
701254,РСОВАЦ,АЛЕКСИНАЦ,115,1
701513,ЈЕЛОВИК,АРАНЂЕЛОВАЦ,271,1
701521,КОПЉАРЕ,АРАНЂЕЛОВАЦ,813,1
701530,МИСАЧА,АРАНЂЕЛОВАЦ,571,1
721247,МАЛИ КУПЦИ,КРУШЕВАЦ,332,1
721255,МАЛИ ШИЉЕГОВАЦ,КРУШЕВАЦ,461,1
707422,МАЛА ГРАБОВНИЦА,БРУС,61,1
707449,МИЛЕНТИЈА,БРУС,169,1
707457,ОСРЕЦИ,БРУС,272,1
707465,ПАЉЕВШТИЦА,БРУС,29,1
707473,РАВНИ,БРУС,123,1
707481,РАВНИШТЕ,БРУС,59,1
707490,РАДМАНОВО,БРУС,108,1
702455,БАЈИНА БАШТА,БАЈИНА БАШТА,8971,1
730602,НОВИ ПАЗАР,НОВИ ПАЗАР,71462,1
730629,ОДОЈЕВИЋЕ,НОВИ ПАЗАР,7,1
741230,ЈЕЛАШНИЦА,СУРДУЛИЦА,921,1
802310,БАВАНИШТЕ,КОВИН,5082,1
802328,ГАЈ,КОВИН,2486,1
802336,ДЕЛИБЛАТО,КОВИН,2409,1
721441,РЛИЦА,КРУШЕВАЦ,22,1
721450,РОСИЦА,КРУШЕВАЦ,107,1
721468,СЕБЕЧЕВАЦ,КРУШЕВАЦ,414,1
721476,СЕЗЕМЧЕ,КРУШЕВАЦ,188,1
701262,РУТЕВАЦ,АЛЕКСИНАЦ,775,1
702145,ЈАСЕНОВ ДЕЛ,БАБУШНИЦА,34,1
702153,КАЛУЂЕРЕВО,БАБУШНИЦА,128,1
702161,КАМБЕЛЕВАЦ,БАБУШНИЦА,186,1
702170,КИЈЕВАЦ,БАБУШНИЦА,16,1
702226,МАСУРОВАЦ,БАБУШНИЦА,2,1
707856,ЈАСТРЕБАЦ,БУЈАНОВАЦ,9,1
707864,КАРАДНИК,БУЈАНОВАЦ,375,1
714208,БАРЈЕ,ДИМИТРОВГРАД,11,1
715549,ВЕЛИКИ ИЗВОР,ЗАЈЕЧАР,2036,1
715557,ВЕЛИКИ ЈАСЕНОВАЦ,ЗАЈЕЧАР,184,1
715565,ВРАЖОГРНАЦ,ЗАЈЕЧАР,865,1
715573,ВРАТАРНИЦА,ЗАЈЕЧАР,277,1
715581,ВРБИЦА,ЗАЈЕЧАР,150,1
715590,ГАМЗИГРАД,ЗАЈЕЧАР,537,1
715603,ГЛОГОВИЦА,ЗАЈЕЧАР,254,1
715611,ГОРЊА БЕЛА РЕКА,ЗАЈЕЧАР,87,1
715620,ГРАДСКОВО,ЗАЈЕЧАР,337,1
716847,БУМБАРЕВО БРДО,КНИЋ,359,1
716855,ВРБЕТА,КНИЋ,95,1
716863,ВУЧКОВИЦА,КНИЋ,604,1
716871,ГРАБОВАЦ,КНИЋ,743,1
716880,ГРИВАЦ,КНИЋ,278,1
715034,ЈОШАНИЦА,ЖАГУБИЦА,422,1
716910,ГУНЦАТИ,КНИЋ,640,1
716928,ДРАГУШИЦА,КНИЋ,200,1
734632,ЗАВИНОГРАЂЕ,ПРИЈЕПОЉЕ,1237,1
739499,ДРАГОЈЛОВИЋЕ,СЈЕНИЦА,84,1
733679,БУКАРЕВАЦ,ПРЕШЕВО,661,1
733687,БУШТРАЊЕ,ПРЕШЕВО,687,1
742112,КРЋЕВАЦ,ТОПОЛА,575,1
742139,ЛИПОВАЦ,ТОПОЛА,437,1
740438,ОСИПАОНИЦА,СМЕДЕРЕВО,2873,1
710563,РЕПИШТЕ,ВЛАДИЧИН ХАН,129,1
710571,РУЖИЋ,ВЛАДИЧИН ХАН,50,1
710580,СОЛАЧКА СЕНА,ВЛАДИЧИН ХАН,36,1
733024,ЛУЧИЦА,ПОЖАРЕВАЦ,1913,1
713414,ЗАГРАЂЕ,ГОРЊИ МИЛАНОВАЦ,263,1
713422,ЈАБЛАНИЦА,ГОРЊИ МИЛАНОВАЦ,194,1
739782,КРЋЕ,СЈЕНИЦА,321,1
739804,ЛИЈЕВА РЕКА,СЈЕНИЦА,3,1
713805,ШИЛОПАЈ,ГОРЊИ МИЛАНОВАЦ,57,1
713813,БАЛАЈНАЦ,ДЕСПОТОВАЦ,310,1
720607,БЕЛАСИЦА,КРУШЕВАЦ,240,1
720615,БИВОЉЕ,КРУШЕВАЦ,237,1
720623,БОВАН,КРУШЕВАЦ,128,1
720631,БОЈИНЦЕ,КРУШЕВАЦ,49,1
743895,ПАЉЕВО,ТУТИН,256,1
736317,СТАРИ ЂУРОВАЦ,ПРОКУПЉЕ,3,1
736619,СМИЛОВАЦ,РАЖАЊ,665,1
736627,СТАРИ БРАЧИН,РАЖАЊ,221,1
709514,ДЕСИНЕ,ВЕЛИКО ГРАДИШТЕ,427,1
709522,ДОЉАШНИЦА,ВЕЛИКО ГРАДИШТЕ,284,1
709549,ЂУРАКОВО,ВЕЛИКО ГРАДИШТЕ,249,1
709557,ЗАТОЊЕ,ВЕЛИКО ГРАДИШТЕ,573,1
709565,КАМИЈЕВО,ВЕЛИКО ГРАДИШТЕ,243,1
711683,КРУШЕВА ГЛАВА,ВРАЊЕ,52,1
711691,КУМАРЕВО,ВРАЊСКА БАЊА,213,2
735728,ДОЊА СТРАЖАВА,ПРОКУПЉЕ,721,1
713554,ЉУТОВНИЦА,ГОРЊИ МИЛАНОВАЦ,136,1
713562,МАЈДАН,ГОРЊИ МИЛАНОВАЦ,369,1
725366,ДОЊЕ НЕДЕЉИЦЕ,ЛОЗНИЦА,403,1
736643,ЦРНИ КАО,РАЖАЊ,287,1
736651,ЧУБУРА,РАЖАЊ,112,1
736660,ШЕТКА,РАЖАЊ,268,1
745448,БАЛУГА (ТРНАВСКА),ЧАЧАК,660,1
745456,БАЊИЦА,ЧАЧАК,243,1
745472,БЕЧАЊ,ЧАЧАК,719,1
745499,БРЕЗОВИЦА,ЧАЧАК,63,1
745502,БРЕСНИЦА,ЧАЧАК,1056,1
745529,ВАПА,ЧАЧАК,615,1
708925,РАБАС,ВАЉЕВО,166,1
708933,РАВЊЕ,ВАЉЕВО,152,1
708941,РАЂЕВО СЕЛО,ВАЉЕВО,997,1
708950,РЕБЕЉ,ВАЉЕВО,52,1
708968,РОВНИ,ВАЉЕВО,94,1
742201,РАЈКОВАЦ,ТОПОЛА,136,1
743925,ПОКРВЕНИК,ТУТИН,182,1
743933,ПОПЕ,ТУТИН,180,1
739430,ГРАДАЦ,СЈЕНИЦА,90,1
800805,ДУПЉАЈА,БЕЛА ЦРКВА,641,1
800813,ЈАСЕНОВО,БЕЛА ЦРКВА,1097,1
800821,КАЈТАСОВО,БЕЛА ЦРКВА,242,1
800856,КУСИЋ,БЕЛА ЦРКВА,1047,1
743232,БАЋИЦА,ТУТИН,409,1
716090,ДАЈИЋИ,ИВАЊИЦА,147,1
741558,ГУБИН ДО,УЖИЦЕ,288,1
724432,КАЛУЂЕРЦЕ,ЛЕСКОВАЦ,97,1
724459,КАРАЂОРЂЕВАЦ,ЛЕСКОВАЦ,293,1
724467,КАШТАВАР,ЛЕСКОВАЦ,34,1
743712,ЈУЖНИ КОЧАРНИК,ТУТИН,38,1
725692,ТЕКЕРИШ,ЛОЗНИЦА,152,1
725706,ТРБОСИЉЕ,ЛОЗНИЦА,206,1
720682,ВЕЛИКА КРУШЕВИЦА,КРУШЕВАЦ,624,1
722332,ПАРАДА,КУРШУМЛИЈА,1,1
722359,ПАЧАРАЂА,КУРШУМЛИЈА,17,1
731412,ДРЕНОВАЦ,ПАРАЋИН,1545,1
731439,ЗАБРЕГА,ПАРАЋИН,778,1
741043,АЛАКИНЦЕ,СУРДУЛИЦА,1371,1
741256,КИЈЕВАЦ,СУРДУЛИЦА,75,1
741264,КЛИСУРА,СУРДУЛИЦА,114,1
741272,КОЛУНИЦА,СУРДУЛИЦА,0,1
734721,ЈУНЧЕВИЋИ,ПРИЈЕПОЉЕ,132,1
734730,КАМЕНА ГОРА,ПРИЈЕПОЉЕ,103,1
731242,ПЛУЖАЦ,ОСЕЧИНА,423,1
731269,СИРДИЈА,ОСЕЧИНА,144,1
731277,СКАДАР,ОСЕЧИНА,463,1
734365,АЉИНОВИЋИ,ПРИЈЕПОЉЕ,36,1
734373,БАЛИЋИ,ПРИЈЕПОЉЕ,499,1
745979,РАКОВА,ЧАЧАК,552,1
705691,ГЛУШЦИ,БОГАТИЋ,1635,1
705705,ДУБЉЕ,БОГАТИЋ,2424,1
706388,РУЈИШТЕ,БОЉЕВАЦ,206,1
739197,БИОЦ,СЈЕНИЦА,70,1
739219,БЛАТО,СЈЕНИЦА,32,1
708909,ПРИЈЕЗДИЋ,ВАЉЕВО,258,1
709786,БЕЉИН,ВЛАДИМИРЦИ,410,1
709794,БОБОВИК,ВЛАДИМИРЦИ,232,1
739375,ВРБНИЦА,СЈЕНИЦА,99,1
734292,СОЧИЦЕ,ПРИБОЈ,140,1
743976,РАДУХОВЦЕ,ТУТИН,336,1
713236,ВЕЛЕРЕЧ,ГОРЊИ МИЛАНОВАЦ,716,1
746002,СЛАТИНА,ЧАЧАК,449,1
746029,СОКОЛИЋИ,ЧАЧАК,158,1
730033,БАТЊИК,НОВИ ПАЗАР,33,1
800368,НЕШТИН,БАЧКА ПАЛАНКА,609,1
735965,КРУШЕВИЦА,ПРОКУПЉЕ,6,1
735973,МАЂЕРЕ,ПРОКУПЉЕ,225,1
735981,МАЛА ПЛАНА,ПРОКУПЉЕ,447,1
735990,МАЧИНА,ПРОКУПЉЕ,38,1
736007,МЕРОВАЦ,ПРОКУПЉЕ,107,1
736015,МИКУЛОВАЦ,ПРОКУПЉЕ,251,1
736023,МИЉКОВИЦА,ПРОКУПЉЕ,11,1
717533,ЖУКОВАЦ,КЊАЖЕВАЦ,36,1
717541,ЗОРУНОВАЦ,КЊАЖЕВАЦ,56,1
717550,ЗУБЕТИНАЦ,КЊАЖЕВАЦ,75,1
717568,ИНОВО,КЊАЖЕВАЦ,35,1
717576,ЈАКОВАЦ,КЊАЖЕВАЦ,181,1
717584,ЈАЛОВИК ИЗВОР,КЊАЖЕВАЦ,60,1
719285,ЧУМИЋ,КРАГУЈЕВАЦ,1254,1
719293,ШЉИВОВАЦ,КРАГУЈЕВАЦ,368,1
719307,АДРАНИ,КРАЉЕВО,2562,1
802921,САКУЛЕ,ОПОВО,1629,1
739898,ПЛАНА,СЈЕНИЦА,13,1
702196,ЛИНОВО,БАБУШНИЦА,8,1
704598,БРОВИЋ,ОБРЕНОВАЦ,619,1
704601,ВЕЛИКО ПОЉЕ,ОБРЕНОВАЦ,1669,1
714992,БРЕЗНИЦА,ЖАГУБИЦА,81,1
726702,СОКОЛАЦ,ЉУБОВИЈА,47,1
726729,ТОРНИК,ЉУБОВИЈА,73,1
734802,КОПРИВНА,ПРИЈЕПОЉЕ,14,1
738557,ДУБНИЦА,СВИЛАЈНАЦ,362,1
738581,КУШИЉЕВО,СВИЛАЈНАЦ,1975,1
738751,ВАРОШ,СВРЉИГ,48,1
738760,ВЛАХОВО,СВРЉИГ,61,1
745243,ЈАБЛАНИЦА,ЧАЈЕТИНА,466,1
745260,ЉУБИШ,ЧАЈЕТИНА,385,1
745278,МАЧКАТ,ЧАЈЕТИНА,908,1
745286,МУШВЕТЕ,ЧАЈЕТИНА,221,1
706914,РАЈЧИЛОВЦИ,БОСИЛЕГРАД,1612,1
706922,РЕСЕН,БОСИЛЕГРАД,42,1
706949,РИБАРЦИ,БОСИЛЕГРАД,13,1
706957,РИКАЧЕВО,БОСИЛЕГРАД,69,1
724530,КУТЛЕШ,ЛЕСКОВАЦ,516,1
724548,ЛЕСКОВАЦ,ЛЕСКОВАЦ,54091,1
724556,ЛИПОВИЦА,ЛЕСКОВАЦ,962,1
724564,ЛИЧИН ДОЛ,ЛЕСКОВАЦ,57,1
743992,РАМОШЕВО,ТУТИН,218,1
744000,РЕЖЕВИЋЕ,ТУТИН,64,1
721638,ШАНАЦ,КРУШЕВАЦ,849,1
721891,ДЕШИШКА,КУРШУМЛИЈА,14,1
721905,ДОБРИ ДО,КУРШУМЛИЈА,38,1
723479,РАДЕВЦЕ,ЛЕБАНЕ,16,1
721735,БОГУЈЕВАЦ,КУРШУМЛИЈА,37,1
791024,БЕОГРАД (ВРАЧАР),ВРАЧАР,55406,1
791032,БЕОГРАД (ЗВЕЗДАРА),ЗВЕЗДАРА,172625,1
791059,БЕОГРАД (ЗЕМУН),ЗЕМУН,166049,1
723550,ЦЕКАВИЦА,ЛЕБАНЕ,377,1
802034,МАЛИ ПЕСАК,КАЊИЖА,63,1
721204,МАКРЕШАНЕ,КРУШЕВАЦ,1249,1
801798,НОВИ КАРЛОВЦИ,ИНЂИЈА,2552,1
702471,БЕСЕРОВИНА,БАЈИНА БАШТА,178,1
702480,ВИШЕСАВА,БАЈИНА БАШТА,1707,1
702498,ГВОЗДАЦ,БАЈИНА БАШТА,417,1
702501,ДОБРОТИН,БАЈИНА БАШТА,114,1
702510,ДРАКСИН,БАЈИНА БАШТА,76,1
702528,ДУБ,БАЈИНА БАШТА,262,1
702536,ЗАГЛАВАК,БАЈИНА БАШТА,269,1
702544,ЗАОВИНЕ,БАЈИНА БАШТА,169,1
702552,ЗАРОЖЈЕ,БАЈИНА БАШТА,394,1
719803,МАТАРУГЕ,КРАЉЕВО,391,1
725803,ВЛАСТЕЉИЦЕ,ЛУЧАНИ,197,1
730408,ЈАНЧА,НОВИ ПАЗАР,299,1
730416,ЈОВА,НОВИ ПАЗАР,0,1
730424,КАШАЉ,НОВИ ПАЗАР,10,1
733695,ГАРЕ,ПРЕШЕВО,0,1
733709,ГОЛЕМИ ДОЛ,ПРЕШЕВО,248,1
705241,ВИШЕ СЕЛО,БЛАЦЕ,74,1
705250,ВРБОВАЦ,БЛАЦЕ,112,1
705268,ГОРЊА ДРАГУША,БЛАЦЕ,162,1
705276,ГОРЊА ЈОШАНИЦА,БЛАЦЕ,153,1
705284,ГОРЊЕ ГРГУРЕ,БЛАЦЕ,139,1
735949,КОСТЕНИЦА,ПРОКУПЉЕ,133,1
792047,НИШ (МЕДИЈАНА),МЕДИЈАНА,78470,2
737682,КОМАРАНЕ,РЕКОВАЦ,119,1
715751,ЛЕНОВАЦ,ЗАЈЕЧАР,96,1
715760,ЛЕСКОВАЦ,ЗАЈЕЧАР,41,1
715778,ЛУБНИЦА,ЗАЈЕЧАР,647,1
706256,ДОБРО ПОЉЕ,БОЉЕВАЦ,199,1
706264,ДОБРУЈЕВАЦ,БОЉЕВАЦ,114,1
711110,СТАЈКОВЦЕ,ВЛАСОТИНЦЕ,1463,1
708135,РУСЦЕ,БУЈАНОВАЦ,11,1
708143,САМОЉИЦА,БУЈАНОВАЦ,1027,1
708151,СЕБРАТ,БУЈАНОВАЦ,37,1
708160,СЕЈАЦЕ,БУЈАНОВАЦ,55,1
705942,ИВАЊЕ,БОЈНИК,16,1
727075,БАТУША,МАЛО ЦРНИЋЕ,387,1
736562,РАЖАЊ,РАЖАЊ,1138,1
707287,ЖИЉЦИ,БРУС,368,1
707295,ЖУЊЕ,БРУС,271,1
707309,ЗЛАТАРИ,БРУС,441,1
708984,СЕДЛАРИ,ВАЉЕВО,1278,1
720968,ЗЕБИЦА,КРУШЕВАЦ,142,1
720976,ЗУБОВАЦ,КРУШЕВАЦ,114,1
710385,КУНОВО,ВЛАДИЧИН ХАН,305,1
720275,ЦВЕТКЕ,КРАЉЕВО,877,1
720283,ЦЕРЈЕ,КРАЉЕВО,395,1
735566,ГОРЊА КОЊУША,ПРОКУПЉЕ,37,1
720992,ЈАСИКА,КРУШЕВАЦ,1537,1
738832,ДРАЈИНАЦ,СВРЉИГ,392,1
729400,ОСТРОВИЦА,НИШКА БАЊА,351,2
729418,ПАЛИГРАЦЕ,ЦРВЕНИ КРСТ,215,2
735701,ДОЊА КОЊУША,ПРОКУПЉЕ,229,1
735710,ДОЊА РЕЧИЦА,ПРОКУПЉЕ,297,1
802239,ДЕБЕЉАЧА,КОВАЧИЦА,3727,1
802247,ИДВОР,КОВАЧИЦА,817,1
737437,РАКОВАЦ,РАШКА,128,1
737445,РАШКА,РАШКА,6291,1
737453,РВАТИ,РАШКА,586,1
737461,РУДНИЦА,РАШКА,240,1
723070,ПЕПЕЉЕВАЦ,ЛАЈКОВАЦ,566,1
723088,ПРИДВОРИЦА,ЛАЈКОВАЦ,159,1
723096,БОГОВАЂА,ЛАЈКОВАЦ,384,1
723100,РАТКОВАЦ,ЛАЈКОВАЦ,288,1
723118,РУБРИБРЕЗА,ЛАЈКОВАЦ,733,1
723126,СКОБАЉ,ЛАЈКОВАЦ,102,1
723142,СТЕПАЊЕ,ЛАЈКОВАЦ,374,1
723240,ГОРЊЕ ВРАНОВЦЕ,ЛЕБАНЕ,115,1
723258,ГРГУРОВЦЕ,ЛЕБАНЕ,263,1
723266,ДОЊЕ ВРАНОВЦЕ,ЛЕБАНЕ,210,1
729531,СЕЧАНИЦА,ЦРВЕНИ КРСТ,651,2
701505,ГОРЊА ТРЕШЊЕВИЦА,АРАНЂЕЛОВАЦ,320,1
726907,ТОПОЛНИЦА,МАЈДАНПЕК,562,1
726915,ЦРНАЈКА,МАЈДАНПЕК,720,1
726923,АМАЈИЋ,МАЛИ ЗВОРНИК,104,1
726931,БРАСИНА,МАЛИ ЗВОРНИК,1342,1
743046,ПРЊАВОР,ТРСТЕНИК,253,1
737046,ГЊИЛИЦА,РАШКА,107,1
705217,БАРБАТОВАЦ,БЛАЦЕ,197,1
705225,БЛАЦЕ,БЛАЦЕ,4865,1
802760,БУКОВАЦ,НОВИ САД,3636,1
722278,МЕХАНЕ,КУРШУМЛИЈА,10,1
722286,МИРНИЦА,КУРШУМЛИЈА,6,1
724653,МИЛАНОВО,ЛЕСКОВАЦ,431,1
724661,МИРОШЕВЦЕ,ЛЕСКОВАЦ,764,1
737887,ЦИКОТ,РЕКОВАЦ,139,1
737895,ШЉИВИЦА,РЕКОВАЦ,110,1
737909,БАГРДАН,ЈАГОДИНА,645,1
737917,БЕЛИЦА,ЈАГОДИНА,266,1
737925,БРЕСЈЕ,ЈАГОДИНА,515,1
704652,ЗАБРЕЖЈЕ,ОБРЕНОВАЦ,2171,1
704679,ЗВЕЧКА,ОБРЕНОВАЦ,5846,1
732052,БАЗОВИК,ПИРОТ,41,1
732079,БАРЈЕ ЧИФЛИК,ПИРОТ,507,1
732087,БАСАРА,ПИРОТ,0,1
732095,БЕЛА,ПИРОТ,5,1
728322,ПЛАНИНИЦА,МИОНИЦА,179,1
728349,ПОПАДИЋ,МИОНИЦА,611,1
728357,РАДОБИЋ,МИОНИЦА,281,1
728365,РАЈКОВИЋ,МИОНИЦА,259,1
733008,КЛИЧЕВАЦ,ПОЖАРЕВАЦ,771,1
714879,ЖАБАРИ,ЖАБАРИ,1022,1
714887,КОЧЕТИН,ЖАБАРИ,334,1
714895,МИРИЈЕВО,ЖАБАРИ,290,1
714909,ОРЕОВИЦА,ЖАБАРИ,527,1
714917,ПОЛАТНА,ЖАБАРИ,197,1
714925,ПОРОДИН,ЖАБАРИ,1437,1
738468,ШУЉКОВАЦ,ЈАГОДИНА,584,1
738476,БОБОВО,СВИЛАЈНАЦ,1081,1
734195,МАЖИЋИ,ПРИБОЈ,131,1
734209,МИЛИЈЕШ,ПРИБОЈ,460,1
734217,ПЛАШЋЕ,ПРИБОЈ,45,1
734225,ПОЖЕГРМАЦ,ПРИБОЈ,97,1
735264,БАБОТИНАЦ,ПРОКУПЉЕ,178,1
735272,БАЈЧИНЦЕ,ПРОКУПЉЕ,128,1
735299,БАЛИНОВАЦ,ПРОКУПЉЕ,153,1
735302,БАЛЧАК,ПРОКУПЉЕ,14,1
735329,БАЦЕ,ПРОКУПЉЕ,131,1
735337,БЕЛА ВОДА,ПРОКУПЉЕ,219,1
735752,ДОЊЕ КОРДИНЦЕ,ПРОКУПЉЕ,144,1
735779,ДОЊИ СТАТОВАЦ,ПРОКУПЉЕ,8,1
735787,ДРАГИ ДЕО,ПРОКУПЉЕ,6,1
738425,ТОПОЛА,ЈАГОДИНА,21,1
738441,ЦРНЧЕ,ЈАГОДИНА,141,1
703338,НОВО СЕЛО,БЕЛА ПАЛАНКА,43,1
703346,ОРЕОВАЦ,БЕЛА ПАЛАНКА,22,1
703354,ПАЈЕЖ,БЕЛА ПАЛАНКА,14,1
703362,СИЊАЦ,БЕЛА ПАЛАНКА,92,1
703389,ТАМЊАНИЦА,БЕЛА ПАЛАНКА,84,1
703397,ТЕЛОВАЦ,БЕЛА ПАЛАНКА,8,1
727962,КРУШЦЕ,ПАЛИЛУЛА (НИШ),723,2
727989,ЛЕПАЈА,МЕРОШИНА,536,1
727997,МЕРОШИНА,МЕРОШИНА,799,1
727881,ДЕШИЛОВО,МЕРОШИНА,314,1
801526,ЕЛЕМИР,ЗРЕЊАНИН,3672,1
728110,ВИРОВАЦ,МИОНИЦА,268,1
802387,МРАМОРАК,КОВИН,2265,1
711845,МОШТАНИЦА,ВРАЊЕ,321,1
735680,ДОЊА БЕЈАШНИЦА,ПРОКУПЉЕ,1,1
735698,ДОЊА БРЕСНИЦА,ПРОКУПЉЕ,100,1
704547,ШЕПШИН,МЛАДЕНОВАЦ,657,1
704555,БАЉЕВАЦ,ОБРЕНОВАЦ,512,1
733300,ЗДРАВЧИЋИ,ПОЖЕГА,399,1
733296,ЗАСЕЉЕ,ПОЖЕГА,280,1
735639,ГОРЊЕ КОРДИНЦЕ,ПРОКУПЉЕ,123,1
735647,ГОРЊИ СТАТОВАЦ,ПРОКУПЉЕ,8,1
728055,РОЖИНА,МЕРОШИНА,554,1
704385,ДУБОНА,МЛАДЕНОВАЦ,827,1
704393,ЈАГЊИЛО,МЛАДЕНОВАЦ,1816,1
704407,КОВАЧЕВАЦ,МЛАДЕНОВАЦ,3838,1
704415,КОРАЋИЦА,МЛАДЕНОВАЦ,1719,1
740624,ГЛИБОВАЦ,СМЕДЕРЕВСКА ПАЛАНКА,1740,1
740632,ГОЛОБОК,СМЕДЕРЕВСКА ПАЛАНКА,1616,1
740659,ГРЧАЦ,СМЕДЕРЕВСКА ПАЛАНКА,944,1
740667,КУСАДАК,СМЕДЕРЕВСКА ПАЛАНКА,4016,1
740381,ЛУГАВЧИНА,СМЕДЕРЕВО,2516,1
739600,ЗАЈЕЧИЋЕ,СЈЕНИЦА,335,1
739618,ЗАХУМСКО,СЈЕНИЦА,80,1
739626,ЈЕВИК,СЈЕНИЦА,30,1
730246,ГРУБЕТИЋЕ,НОВИ ПАЗАР,64,1
708585,ДУПЉАЈ,ВАЉЕВО,276,1
739758,КРИВАЈА,СЈЕНИЦА,8,1
740802,ВРМЏА,СОКОБАЊА,387,1
740829,ДУГО ПОЉЕ,СОКОБАЊА,359,1
740837,ЖУЧКОВАЦ,СОКОБАЊА,325,1
800295,СЕЛЕНЧА,БАЧ,2395,1
800309,БАЧКА ПАЛАНКА,БАЧКА ПАЛАНКА,25476,1
704784,РАТАРИ,ОБРЕНОВАЦ,522,1
704792,РВАТИ,ОБРЕНОВАЦ,2960,1
704806,СКЕЛА,ОБРЕНОВАЦ,1590,1
704814,СТУБЛИНЕ,ОБРЕНОВАЦ,2569,1
720470,ЛИПЕНОВИЋ,КРУПАЊ,416,1
720488,МОЈКОВИЋ,КРУПАЊ,476,1
720496,ПЛАНИНА,КРУПАЊ,57,1
720500,РАВНАЈА,КРУПАЊ,145,1
716731,РТКОВО,КЛАДОВО,645,1
716740,ТЕКИЈА,КЛАДОВО,618,1
717223,БЕЛИ ПОТОК,КЊАЖЕВАЦ,62,1
717231,БЕРЧИНОВАЦ,КЊАЖЕВАЦ,106,1
707627,БИЉАЧА,БУЈАНОВАЦ,1976,1
707635,БОГДАНОВАЦ,БУЈАНОВАЦ,33,1
707643,БОЖИЊЕВАЦ,БУЈАНОВАЦ,385,1
707651,БОРОВАЦ,БУЈАНОВАЦ,42,1
740454,РАДИНАЦ,СМЕДЕРЕВО,4714,1
743445,ГРАДАЦ,ТУТИН,112,1
715913,ТРНАВАЦ,ЗАЈЕЧАР,274,1
715921,ХАЛОВО,ЗАЈЕЧАР,513,1
715930,ЧОКОЊАР,ЗАЈЕЧАР,74,1
711446,ДОЊА ОТУЉА,ВРАЊЕ,59,1
713171,БРАЈИЋИ,ГОРЊИ МИЛАНОВАЦ,18,1
707031,БОТУЊА,БРУС,237,1
803286,СИБАЧ,ПЕЋИНЦИ,463,1
805017,ЕРДЕВИК,ШИД,2144,1
738522,ГРАБОВАЦ,СВИЛАЈНАЦ,697,1
738549,ДУБЉЕ,СВИЛАЈНАЦ,896,1
707015,БОЗОЉИН,БРУС,46,1
804223,НОЋАЈ,СРЕМСКА МИТРОВИЦА,1626,1
712710,МАЛИ ВРТОП,ГАЏИН ХАН,67,1
712728,МАЛИ КРЧИМИР,ГАЏИН ХАН,131,1
712736,МАРИНА КУТИНА,ГАЏИН ХАН,213,1
712744,МИЉКОВАЦ,ГАЏИН ХАН,27,1
736449,ВИТОШЕВАЦ,РАЖАЊ,826,1
736457,ГРАБОВО,РАЖАЊ,97,1
736465,ЛИПОВАЦ,РАЖАЊ,211,1
713651,ПРЊАВОР,ГОРЊИ МИЛАНОВАЦ,112,1
713660,РЕЉИНЦИ,ГОРЊИ МИЛАНОВАЦ,148,1
736732,ВУЧИЋ,РАЧА,746,1
802735,ФИЛИЋ,НОВИ КНЕЖЕВАЦ,118,1
719854,МИЛАВЧИЋИ,КРАЉЕВО,323,1
719862,МИЛАКОВАЦ,КРАЉЕВО,398,1
736821,САРАНОВО,РАЧА,840,1
736830,СЕПЦИ,РАЧА,420,1
736848,СИПИЋ,РАЧА,326,1
745391,ТРНАВА,ЧАЈЕТИНА,143,1
745405,ЧАЈЕТИНА,ЧАЈЕТИНА,3735,1
745413,ШЉИВОВИЦА,ЧАЈЕТИНА,386,1
745421,АТЕНИЦА,ЧАЧАК,522,1
745430,БАЛУГА (ЉУБИЋСКА),ЧАЧАК,383,1
731455,КЛАЧЕВИЦА,ПАРАЋИН,468,1
727326,ГАЗДАРЕ,МЕДВЕЂА,362,1
727334,ГОРЊА ЛАПАШТИЦА,МЕДВЕЂА,137,1
727342,ГОРЊИ БУЧУМЕТ,МЕДВЕЂА,71,1
743330,ВЕЉЕ ПОЉЕ,ТУТИН,873,1
725897,ГУЧА (СЕЛО),ЛУЧАНИ,1694,1
743674,ЈАРЕБИЦЕ,ТУТИН,139,1
724424,ЈЕЛАШНИЦА,ЛЕСКОВАЦ,183,1
725218,БРАДИЋ,ЛОЗНИЦА,592,1
715999,БРЕЗОВА,ИВАЊИЦА,371,1
716006,БРУСНИК,ИВАЊИЦА,186,1
716014,БУДОЖЕЉА,ИВАЊИЦА,167,1
716022,ВАСИЉЕВИЋИ,ИВАЊИЦА,31,1
716049,ВИОНИЦА,ИВАЊИЦА,163,1
716057,ВРМБАЈЕ,ИВАЊИЦА,206,1
711624,КОПАЊАНЕ,ВРАЊЕ,19,1
711632,КОРБЕВАЦ,ВРАЊСКА БАЊА,567,2
719366,БОРОВО,КРАЉЕВО,67,1
719374,БРЕЗНА,КРАЉЕВО,66,1
743526,ДОБРИЊЕ,ТУТИН,73,1
726397,МОРАВЦИ,ЉИГ,495,1
723622,БАРЈЕ,ЛЕСКОВАЦ,157,1
723649,БЕЛАНОВЦЕ,ЛЕСКОВАЦ,443,1
805076,МОРОВИЋ,ШИД,1301,1
723860,ВИНА,ЛЕСКОВАЦ,117,1
723878,ВИНАРЦЕ,ЛЕСКОВАЦ,2327,1
719668,КАМЕНИЦА,КРАЉЕВО,109,1
719676,КАМЕЊАНИ,КРАЉЕВО,208,1
744174,ЧУКОТЕ,ТУТИН,93,1
744182,ШАРОЊЕ,ТУТИН,201,1
744328,ЋИЋЕВАЦ,ЋИЋЕВАЦ,3902,1
744336,БАТИНАЦ,ЋУПРИЈА,545,1
744344,БИГРЕНИЦА,ЋУПРИЈА,474,1
716359,ОПАЉЕНИК,ИВАЊИЦА,150,1
716367,ОСОНИЦА,ИВАЊИЦА,670,1
716375,ПРЕСЕКА,ИВАЊИЦА,237,1
717240,БОЖИНОВАЦ,КЊАЖЕВАЦ,1,1
746452,ПОЦЕРСКИ МЕТКОВИЋ,ШАБАЦ,506,1
746479,ПОЦЕРСКИ ПРИЧИНОВИЋ,ШАБАЦ,6365,1
746487,ПРЕДВОРИЦА,ШАБАЦ,308,1
746495,ПРЊАВОР,ШАБАЦ,3324,1
746509,РАДОВАШНИЦА,ШАБАЦ,163,1
717258,БУЛИНОВАЦ,КЊАЖЕВАЦ,128,1
717266,БУЧЈЕ,КЊАЖЕВАЦ,163,1
717274,ВАЛЕВАЦ,КЊАЖЕВАЦ,147,1
746584,ЦЕРОВАЦ,ШАБАЦ,374,1
746592,ЦУЉКОВИЋ,ШАБАЦ,471,1
746606,ШАБАЦ,ШАБАЦ,51163,1
718726,ГОРЊЕ ЈАРУШИЦЕ,КРАГУЈЕВАЦ,446,1
718734,ГОРЊЕ КОМАРИЦЕ,КРАГУЈЕВАЦ,156,1
718742,ГРОШНИЦА,КРАГУЈЕВАЦ,1355,1
718769,ДЕСИМИРОВАЦ,КРАГУЈЕВАЦ,1528,1
718777,ДИВОСТИН,КРАГУЈЕВАЦ,351,1
745936,ПРИЈЕВОР,ЧАЧАК,1440,1
745944,ПРИСЛОНИЦА,ЧАЧАК,1225,1
745952,РАЈАЦ,ЧАЧАК,236,1
727288,БОРОВАЦ,МЕДВЕЂА,62,1
730190,ГОЛИЦЕ,НОВИ ПАЗАР,34,1
734276,РИТОШИЋИ,ПРИБОЈ,57,1
705390,КАШЕВАР,БЛАЦЕ,217,1
709042,СТУБО,ВАЉЕВО,148,1
709069,СУВОДАЊЕ,ВАЉЕВО,394,1
709077,СУШИЦА,ВАЉЕВО,175,1
709085,ТАОР,ВАЉЕВО,245,1
709093,ТУБРАВИЋ,ВАЉЕВО,191,1
802891,ЧЕНЕЈ,НОВИ САД,1942,1
727776,АРБАНАСЦЕ,МЕРОШИНА,415,1
727784,БАЛАЈНАЦ,МЕРОШИНА,1143,1
706108,ПРИДВОРИЦА,БОЈНИК,766,1
728195,ДУЧИЋ,МИОНИЦА,427,1
728209,ЂУРЂЕВАЦ,МИОНИЦА,162,1
735914,КОНЧИЋ,ПРОКУПЉЕ,62,1
707040,БРЂАНИ,БРУС,108,1
707058,БРЗЕЋЕ,БРУС,213,1
707066,БРУС,БРУС,4183,1
742406,ЗЛАДОВЦЕ,ТРГОВИШТЕ,62,1
734861,ЛУЧИЦЕ,ПРИЈЕПОЉЕ,98,1
734870,МАТАРУГЕ,ПРИЈЕПОЉЕ,85,1
734888,МЕЂАНИ,ПРИЈЕПОЉЕ,21,1
743364,ВРБА,ТУТИН,140,1
728977,ВРЕЛО,ПАНТЕЛЕЈ,169,2
704989,ЂУРИНЦИ,СОПОТ,878,1
704997,МАЛА ИВАНЧА,СОПОТ,1619,1
705004,МАЛИ ПОЖАРЕВАЦ,СОПОТ,1287,1
714437,ИЗАТОВЦИ,ДИМИТРОВГРАД,15,1
714445,ИСКРОВЦИ,ДИМИТРОВГРАД,7,1
714453,КАМЕНИЦА,ДИМИТРОВГРАД,8,1
731331,ГЛАВИЦА,ПАРАЋИН,889,1
716626,КУПУЗИШТЕ,КЛАДОВО,157,1
716634,ЉУБИЧЕВАЦ,КЛАДОВО,324,1
716642,МАЛА ВРБИЦА,КЛАДОВО,473,1
716685,НОВИ СИП,КЛАДОВО,588,1
707082,ВЕЛИКА ГРАБОВНИЦА,БРУС,499,1
736236,РАСТОВНИЦА,ПРОКУПЉЕ,35,1
736244,РГАЈЕ,ПРОКУПЉЕ,0,1
736279,РЕСИНАЦ,ПРОКУПЉЕ,130,1
736287,СЕЛИШТЕ,ПРОКУПЉЕ,22,1
707139,ГОРЊЕ ЛЕВИЋЕ,БРУС,70,1
707147,ГОРЊИ ЛИПОВАЦ,БРУС,29,1
707155,ГРАД,БРУС,51,1
708194,СТАРАЦ,БУЈАНОВАЦ,106,1
708216,ТРЕЈАК,БУЈАНОВАЦ,159,1
737275,МИЛАТКОВИЋЕ,РАШКА,168,1
708615,ЗАРУБЕ,ВАЉЕВО,112,1
708623,ЗЛАТАРИЋ,ВАЉЕВО,344,1
739260,БОРОВИЋЕ,СЈЕНИЦА,65,1
708828,МРЧИЋ,ВАЉЕВО,128,1
708836,ОГЛАЂЕНОВАЦ,ВАЉЕВО,287,1
708844,ОСЛАДИЋ,ВАЉЕВО,355,1
708895,ПОПУЧКЕ,ВАЉЕВО,2492,1
728233,КОМАНИЦЕ,МИОНИЦА,311,1
742198,ПЛАСКОВАЦ,ТОПОЛА,427,1
742210,СВЕТЛИЋ,ТОПОЛА,256,1
742228,ТОПОЛА (ВАРОШИЦА),ТОПОЛА,4588,1
742236,ТОПОЛА (СЕЛО),ТОПОЛА,1275,1
742244,ШУМЕ,ТОПОЛА,390,1
743780,МЕЛАЈЕ,ТУТИН,429,1
743798,МИТРОВА,ТУТИН,1447,1
743801,МОРАНИ,ТУТИН,125,1
743810,НАБОЈЕ,ТУТИН,258,1
711926,ПЉАЧКОВИЦА,ВРАЊЕ,114,1
711934,ПРВОНЕК,ВРАЊСКА БАЊА,57,2
712019,РИСТОВАЦ,ВРАЊЕ,329,1
712027,РОЖДАЦЕ,ВРАЊЕ,24,1
712035,РУСЦЕ,ВРАЊЕ,69,1
712043,СЕБЕВРАЊЕ,ВРАЊСКА БАЊА,68,2
734667,ЗАСТУП,ПРИЈЕПОЉЕ,57,1
713287,ГОРЊА ВРБАВА,ГОРЊИ МИЛАНОВАЦ,128,1
713295,ГОРЊА ЦРНУЋА,ГОРЊИ МИЛАНОВАЦ,129,1
713309,ГОРЊИ БАЊАНИ,ГОРЊИ МИЛАНОВАЦ,169,1
713325,ГОРЊИ МИЛАНОВАЦ,ГОРЊИ МИЛАНОВАЦ,23109,1
746096,БОЈИЋ,ШАБАЦ,286,1
726087,МИЛАТОВИЋИ,ЛУЧАНИ,488,1
726095,НЕГРИШОРИ,ЛУЧАНИ,338,1
736058,НОВА БОЖУРНА,ПРОКУПЉЕ,214,1
736066,НОВИ ЂУРОВАЦ,ПРОКУПЉЕ,11,1
801941,НЕРАДИН,ИРИГ,413,1
709255,МАРЕНОВО,ВАРВАРИН,279,1
717983,ТРГОВИШТЕ,КЊАЖЕВАЦ,1590,1
743607,ЖИРЧЕ,ТУТИН,302,1
802662,МАЈДАН,НОВИ КНЕЖЕВАЦ,109,1
716227,КОМАДИНЕ,ИВАЊИЦА,99,1
716235,КОРИТНИК,ИВАЊИЦА,295,1
716243,КОСОВИЦА,ИВАЊИЦА,121,1
716251,КУМАНИЦА,ИВАЊИЦА,141,1
716260,КУШИЋИ,ИВАЊИЦА,382,1
716278,ЛИСА,ИВАЊИЦА,734,1
716286,ЛУКЕ,ИВАЊИЦА,772,1
717622,КАЛНА,КЊАЖЕВАЦ,194,1
717649,КАНДАЛИЦА,КЊАЖЕВАЦ,13,1
716944,ЖУЊЕ,КНИЋ,188,1
716952,ЗАБОЈНИЦА,КНИЋ,304,1
805149,СТАРИ ЛЕДИНЦИ,НОВИ САД,985,1
728829,ТАМНИЧ,НЕГОТИН,137,1
728837,ТРЊАНЕ,НЕГОТИН,233,1
739227,БОГУТИ,СЈЕНИЦА,45,1
739235,БОЖОВ ПОТОК,СЈЕНИЦА,76,1
737801,РАТКОВИЋ,РЕКОВАЦ,213,1
746339,МАОВИ,ШАБАЦ,534,1
746347,МАЧВАНСКИ ПРИЧИНОВИЋ,ШАБАЦ,1317,1
746355,МЕТЛИЋ,ШАБАЦ,700,1
800317,ВИЗИЋ,БАЧКА ПАЛАНКА,240,1
801879,ГРГЕТЕК,ИРИГ,65,1
733474,РАДОВЦИ,ПОЖЕГА,365,1
740292,ВРАНОВО,СМЕДЕРЕВО,2456,1
740306,ВРБОВАЦ,СМЕДЕРЕВО,855,1
707597,ШОШИЋЕ,БРУС,37,1
706027,МАГАШ,БОЈНИК,95,1
700754,ВРЋЕНОВИЦА,АЛЕКСИНАЦ,292,1
700762,ВУКАЊА,АЛЕКСИНАЦ,444,1
732923,БУБУШИНАЦ,ПОЖАРЕВАЦ,608,1
700444,ПОПОВЦИ,АЛЕКСАНДРОВАЦ,87,1
702986,БАБИН КАЛ,БЕЛА ПАЛАНКА,10,1
718181,ДРЕНОВЦИ,КОСЈЕРИЋ,257,1
738450,ШАНТАРОВАЦ,ЈАГОДИНА,310,1
740560,АЗАЊА,СМЕДЕРЕВСКА ПАЛАНКА,3256,1
740578,БАНИЧИНА,СМЕДЕРЕВСКА ПАЛАНКА,779,1
729264,ЛАЛИНАЦ,ПАЛИЛУЛА (НИШ),1574,2
729272,ЛЕСКОВИК,ЦРВЕНИ КРСТ,202,2
722189,МАЛА КОСАНИЦА,КУРШУМЛИЈА,54,1
722197,МАРИЧИЋЕ,КУРШУМЛИЈА,41,1
722219,МАРКОВИЋЕ,КУРШУМЛИЈА,36,1
722227,МАТАРОВА,КУРШУМЛИЈА,43,1
722367,ПАВАШТИЦА,КУРШУМЛИЈА,13,1
722375,ПЕПЕЉЕВАЦ,КУРШУМЛИЈА,15,1
722383,ПЕРУНИКА,КУРШУМЛИЈА,18,1
722839,МИШЉЕНОВАЦ,КУЧЕВО,310,1
727270,БОГУНОВАЦ,МЕДВЕЂА,42,1
724335,ЖИЖАВИЦА,ЛЕСКОВАЦ,117,1
719528,ГРДИЦА,КРАЉЕВО,742,1
739880,ПЕТРОВО ПОЉЕ,СЈЕНИЦА,12,1
733741,ДОЊА ШУШАЈА,ПРЕШЕВО,382,1
801771,ЉУКОВО,ИНЂИЈА,1383,1
724378,ЗЛОЋУДОВО,ЛЕСКОВАЦ,240,1
734101,ЗАОСТРО,ПРИБОЈ,44,1
804428,СТАРА ПАЗОВА,СТАРА ПАЗОВА,18522,1
720712,ВЕЛИКИ КУПЦИ,КРУШЕВАЦ,796,1
803456,СТАРИ ЛЕЦ,ПЛАНДИШТЕ,825,1
800643,ПАЧИР,БАЧКА ТОПОЛА,1806,1
729183,ЈАСЕНОВИК,ПАНТЕЛЕЈ,305,2
804479,БАЧКИ ВИНОГРАДИ,СУБОТИЦА,1448,1
729191,ЈЕЛАШНИЦА,НИШКА БАЊА,1306,2
733202,ГЛУМАЧ,ПОЖЕГА,561,1
733229,ГОДОВИК,ПОЖЕГА,179,1
739588,ЖИТНИЋЕ,СЈЕНИЦА,428,1
720577,ШЉИВОВА,КРУПАЊ,567,1
724572,МАЛА БИЉАНИЦА,ЛЕСКОВАЦ,179,1
739324,ВИСОЧКА,СЈЕНИЦА,27,1
701785,ПОГЛЕД,АРИЉЕ,592,1
804517,ГОРЊИ ТАВАНКУТ,СУБОТИЦА,889,1
712892,БРЊИЦА,ГОЛУБАЦ,204,1
727466,ЛЕЦЕ,МЕДВЕЂА,207,1
707392,ЛЕПЕНАЦ,БРУС,783,1
707406,ЛИВАЂЕ,БРУС,91,1
707414,МАЛА ВРБНИЦА,БРУС,145,1
804550,ЉУТОВО,СУБОТИЦА,888,1
801828,СТАРИ СЛАНКАМЕН,ИНЂИЈА,434,1
724602,МАЛА КОПАШНИЦА,ЛЕСКОВАЦ,201,1
731552,РАШЕВИЦА,ПАРАЋИН,768,1
731579,СВОЈНОВО,ПАРАЋИН,959,1
731587,СИКИРИЦА,ПАРАЋИН,719,1
731595,СИЊИ ВИР,ПАРАЋИН,167,1
730858,РАЈЧИНОВИЋКА ТРНАВА,НОВИ ПАЗАР,102,1
800074,БАНАТСКИ КАРЛОВАЦ,АЛИБУНАР,4428,1
804282,СТАРА БИНГУЛА,СРЕМСКА МИТРОВИЦА,84,1
704270,ЧИБУТКОВИЦА,ЛАЗАРЕВАЦ,990,1
704288,ШОПИЋ,ЛАЗАРЕВАЦ,2751,1
718548,СВИЛЕУВА,КОЦЕЉЕВА,1177,1
718556,СУБОТИЦА,КОЦЕЉЕВА,211,1
745740,ЛИПНИЦА,ЧАЧАК,478,1
745758,ЛОЗНИЦА,ЧАЧАК,399,1
745766,ЉУБИЋ,ЧАЧАК,58,1
745774,МЕЂУВРШЈЕ,ЧАЧАК,76,1
745782,МИЛИЋЕВЦИ,ЧАЧАК,630,1
745804,МИОКОВЦИ,ЧАЧАК,837,1
745812,МОЈСИЊЕ,ЧАЧАК,759,1
745839,МРЧАЈЕВЦИ,ЧАЧАК,2356,1
708917,ПРИЧЕВИЋ,ВАЉЕВО,285,1
703133,ДОЛАЦ (НАСЕЉЕ),БЕЛА ПАЛАНКА,318,1
703249,КРЕМЕНИЦА,БЕЛА ПАЛАНКА,7,1
703257,КРУПАЦ,БЕЛА ПАЛАНКА,67,1
714836,БРЗОХОДЕ,ЖАБАРИ,486,1
705560,СУВАЈА,БЛАЦЕ,42,1
803693,КЕВИ,СЕНТА,565,1
803758,ЈАРКОВАЦ,СЕЧАЊ,1275,1
801976,АДОРЈАН,КАЊИЖА,792,1
800104,ДОБРИЦА,АЛИБУНАР,934,1
800201,ПРИГРЕВИЦА,АПАТИН,3121,1
800112,ИЛАНЏА,АЛИБУНАР,1176,1
726311,КАЛАЊЕВЦИ,ЉИГ,499,1
740489,САРАОРЦИ,СМЕДЕРЕВО,1704,1
740497,СЕОНЕ,СМЕДЕРЕВО,880,1
708470,ГОРИЋ,ВАЉЕВО,491,1
800147,ЛОКВЕ,АЛИБУНАР,1508,1
802565,РАДОЈЕВО,НОВА ЦРЊА,784,1
703885,ПЕТРОВЧИЋ,СУРЧИН,1437,1
704881,ДУНАВАЦ,ПАЛИЛУЛА (БЕОГРАД),391,1
803774,КОНАК,СЕЧАЊ,598,1
721417,ПОЉАЦИ,КРУШЕВАЦ,264,1
721425,РИБАРЕ,КРУШЕВАЦ,448,1
729205,КАМЕНИЦА,ПАНТЕЛЕЈ,3773,2
729213,КНЕЗ СЕЛО,ПАНТЕЛЕЈ,680,2
800597,НОВО ОРАХОВО,БАЧКА ТОПОЛА,1449,1
734535,ГОСТУН,ПРИЈЕПОЉЕ,35,1
803782,КРАЈИШНИК,СЕЧАЊ,1339,1
724955,РАЈНО ПОЉЕ,ЛЕСКОВАЦ,601,1
724963,РУДАРЕ,ЛЕСКОВАЦ,451,1
724971,СВИРЦЕ,ЛЕСКОВАЦ,322,1
803812,СЕЧАЊ,СЕЧАЊ,1648,1
801887,ДОБРОДОЛ,ИРИГ,83,1
724360,ЗЛОКУЋАНЕ,ЛЕСКОВАЦ,151,1
802018,КАЊИЖА,КАЊИЖА,8067,1
714020,МАКВИШТЕ,ДЕСПОТОВАЦ,57,1
803197,ДОЊИ ТОВАРНИК,ПЕЋИНЦИ,926,1
801968,ШАТРИНЦИ,ИРИГ,318,1
800244,БАЧКО НОВО СЕЛО,БАЧ,722,1
732907,БРАТИНАЦ,ПОЖАРЕВАЦ,368,1
743461,ГУРДИЈЕЉЕ,ТУТИН,50,1
804401,НОВА ПАЗОВА,СТАРА ПАЗОВА,16115,1
700533,СТАРЦИ,АЛЕКСАНДРОВАЦ,34,1
700673,БЕЉА,АЛЕКСИНАЦ,19,1
700681,БОБОВИШТЕ,АЛЕКСИНАЦ,718,1
700690,БОВАН,АЛЕКСИНАЦ,320,1
700703,БРАДАРАЦ,АЛЕКСИНАЦ,179,1
700711,ВАКУП,АЛЕКСИНАЦ,706,1
700720,ВЕЛИКИ ДРЕНОВАЦ,АЛЕКСИНАЦ,351,1
700924,ДОЊА ПЕШЧАНИЦА,АЛЕКСИНАЦ,55,1
700932,ДОЊЕ СУХОТНО,АЛЕКСИНАЦ,244,1
700959,ДОЊИ АДРОВАЦ,АЛЕКСИНАЦ,635,1
700967,ДОЊИ КРУПАЦ,АЛЕКСИНАЦ,193,1
700975,ДОЊИ ЉУБЕШ,АЛЕКСИНАЦ,378,1
700983,ДРАЖЕВАЦ,АЛЕКСИНАЦ,734,1
701629,АРИЉЕ,АРИЉЕ,6639,1
701637,БЈЕЛУША,АРИЉЕ,289,1
701645,БОГОЈЕВИЋИ,АРИЉЕ,624,1
701653,БРЕКОВО,АРИЉЕ,326,1
701661,ВИГОШТЕ,АРИЉЕ,1165,1
701670,ВИРОВО,АРИЉЕ,503,1
701688,ВИСОКА,АРИЉЕ,173,1
702188,ЛЕСКОВИЦА,БАБУШНИЦА,1,1
702234,МЕЗГРАЈА,БАБУШНИЦА,29,1
702242,МОДРА СТЕНА,БАБУШНИЦА,96,1
702862,ГРАДАЦ,БАТОЧИНА,156,1
702889,ДОБРОВОДИЦА,БАТОЧИНА,310,1
702897,ЖИРОВНИЦА,БАТОЧИНА,669,1
702919,КИЈЕВО,БАТОЧИНА,410,1
702927,ЛАПОВО (ВАРОШИЦА),ЛАПОВО,6057,1
702935,ЛАПОВО (СЕЛО),ЛАПОВО,525,1
702943,МИЛАТОВАЦ,БАТОЧИНА,557,1
703273,ЛЕСКОВИК,БЕЛА ПАЛАНКА,5,1
703281,ЉУБАТОВИЦА,БЕЛА ПАЛАНКА,14,1
703290,МИРАНОВАЦ,БЕЛА ПАЛАНКА,6,1
703435,ЦРВЕНИ БРЕГ,БЕЛА ПАЛАНКА,27,1
703443,ЦРНЧЕ,БЕЛА ПАЛАНКА,15,1
704164,ПРКОСАВА,ЛАЗАРЕВАЦ,208,1
704172,РУДОВЦИ,ЛАЗАРЕВАЦ,1378,1
704199,САКУЉА,ЛАЗАРЕВАЦ,0,1
704202,СОКОЛОВО,ЛАЗАРЕВАЦ,556,1
704229,СТЕПОЈЕВАЦ,ЛАЗАРЕВАЦ,2711,1
704237,СТРМОВО,ЛАЗАРЕВАЦ,241,1
704245,СТУБИЦА,ЛАЗАРЕВАЦ,223,1
703893,ПРОГАР,СУРЧИН,1387,1
704296,ШУШЊАР,ЛАЗАРЕВАЦ,492,1
704300,АМЕРИЋ,МЛАДЕНОВАЦ,634,1
704318,БЕЛУЋЕ,МЛАДЕНОВАЦ,362,1
704326,БЕЉЕВАЦ,МЛАДЕНОВАЦ,125,1
704334,ВЕЛИКА ИВАНЧА,МЛАДЕНОВАЦ,1271,1
704342,ВЕЛИКА КРСНА,МЛАДЕНОВАЦ,2176,1
704369,ВЛАШКА,МЛАДЕНОВАЦ,2149,1
704423,МАЛА ВРБИЦА,МЛАДЕНОВАЦ,305,1
704431,МАРКОВАЦ,МЛАДЕНОВАЦ,587,1
704440,МЕЂУЛУЖЈЕ,МЛАДЕНОВАЦ,2640,1
704458,МЛАДЕНОВАЦ (ВАРОШ),МЛАДЕНОВАЦ,22346,1
704466,МЛАДЕНОВАЦ (СЕЛО),МЛАДЕНОВАЦ,1601,1
704474,ПРУЖАТОВАЦ,МЛАДЕНОВАЦ,729,1
704482,РАБРОВАЦ,МЛАДЕНОВАЦ,1087,1
704504,РАЈКОВАЦ,МЛАДЕНОВАЦ,1850,1
704539,ЦРКВИНЕ,МЛАДЕНОВАЦ,192,1
726443,ЦВЕТАНОВАЦ,ЉИГ,323,1
726451,ШТАВИЦА,ЉИГ,265,1
726478,БЕРЛОВИНЕ,ЉУБОВИЈА,111,1
726486,ВРХПОЉЕ,ЉУБОВИЈА,788,1
726494,ГОРЊА ЉУБОВИЂА,ЉУБОВИЈА,269,1
726508,ГОРЊА ОРОВИЦА,ЉУБОВИЈА,154,1
726516,ГОРЊА ТРЕШЊИЦА,ЉУБОВИЈА,169,1
726524,ГОРЊЕ КОШЉЕ,ЉУБОВИЈА,369,1
726532,ГРАЧАНИЦА,ЉУБОВИЈА,260,1
726559,ГРЧИЋ,ЉУБОВИЈА,198,1
704580,БРГУЛИЦЕ,ОБРЕНОВАЦ,432,1
704903,ОВЧА,ПАЛИЛУЛА (БЕОГРАД),3494,1
704911,ПАДИНСКА СКЕЛА,ПАЛИЛУЛА (БЕОГРАД),8519,1
704920,СЛАНЦИ,ПАЛИЛУЛА (БЕОГРАД),2250,1
733792,МАЂАРЕ,ПРЕШЕВО,203,1
733806,МИРАТОВАЦ,ПРЕШЕВО,2034,1
714933,СВИЊАРЕВО,ЖАБАРИ,118,1
733717,ГОРЊА ШУШАЈА,ПРЕШЕВО,46,1
733725,ГОСПОЂИНЦЕ,ПРЕШЕВО,32,1
733733,ДЕПЦЕ,ПРЕШЕВО,288,1
726737,УЗОВНИЦА,ЉУБОВИЈА,684,1
726745,ЦАПАРИЋ,ЉУБОВИЈА,251,1
726753,ЦРНЧА,ЉУБОВИЈА,757,1
733890,СВИЊИШТЕ,ПРЕШЕВО,39,1
733784,ЉАНИК,ПРЕШЕВО,4,1
733822,ОРАОВИЦА,ПРЕШЕВО,4181,1
733849,ПЕЧЕНО,ПРЕШЕВО,64,1
733857,ПРЕШЕВО,ПРЕШЕВО,14219,1
733865,РАЈИНЦЕ,ПРЕШЕВО,1849,1
733962,ЦЕРЕВАЈКА,ПРЕШЕВО,11,1
733989,ЦРНОТИНЦЕ,ПРЕШЕВО,1382,1
733997,ЧУКАРКА,ПРЕШЕВО,527,1
734004,БАЊА,ПРИБОЈ,2523,1
703648,ПИНОСАВА,ВОЖДОВАЦ,3239,1
703656,РИПАЊ,ВОЖДОВАЦ,10084,1
733873,РАНАТОВЦЕ,ПРЕШЕВО,31,1
733881,РЕЉАН,ПРЕШЕВО,542,1
726320,КОЗЕЉ,ЉИГ,269,1
726338,ЛАЛИНЦИ,ЉИГ,155,1
726346,ЛАТКОВИЋ,ЉИГ,386,1
726354,ЛИПЉЕ,ЉИГ,207,1
726362,ЉИГ,ЉИГ,2938,1
744883,УБ,УБ,6684,1
726419,ПАЛЕЖНИЦА,ЉИГ,124,1
726613,ЛОЊИН,ЉУБОВИЈА,337,1
726621,ЉУБОВИЈА,ЉУБОВИЈА,3958,1
726630,ОРОВИЧКА ПЛАНИНА,ЉУБОВИЈА,112,1
726648,ПОДНЕМИЋ,ЉУБОВИЈА,342,1
726656,ПОСТЕЊЕ,ЉУБОВИЈА,141,1
744905,ЧУЧУГЕ,УБ,357,1
726664,РУЈЕВАЦ,ЉУБОВИЈА,308,1
726672,САВКОВИЋ,ЉУБОВИЈА,100,1
743950,ПОТРЕБ,ТУТИН,264,1
745065,КРСТИЋЕВО,ЦРНА ТРАВА,15,1
745073,МЛАЧИШТЕ,ЦРНА ТРАВА,12,1
745081,ОСТРОЗУБ,ЦРНА ТРАВА,0,1
745090,ПАВЛИЧИНА,ЦРНА ТРАВА,10,1
745103,ПРЕСЛАП,ЦРНА ТРАВА,91,1
722669,ШАТРА,КУРШУМЛИЈА,16,1
722677,ШТАВА,КУРШУМЛИЈА,58,1
722685,БЛАГОЈЕВ КАМЕН,КУЧЕВО,12,1
700053,БОТУРИЋИ,АЛЕКСАНДРОВАЦ,210,1
700061,БРАТИЋИ,АЛЕКСАНДРОВАЦ,63,1
700070,ВЕЛИКА ВРБНИЦА,АЛЕКСАНДРОВАЦ,386,1
700088,ВЕЉА ГЛАВА,АЛЕКСАНДРОВАЦ,127,1
733954,ЦАКАНОВАЦ,ПРЕШЕВО,160,1
734799,КОВАЧЕВАЦ,ПРИЈЕПОЉЕ,1502,1
734829,КОСАТИЦА,ПРИЈЕПОЉЕ,201,1
734837,КОШЕВИНЕ,ПРИЈЕПОЉЕ,893,1
744875,ТУЛАРИ,УБ,620,1
744891,ЦРВЕНА ЈАБУКА,УБ,471,1
722782,КУЧЕВО,КУЧЕВО,3313,1
722804,ЉЕШНИЦА,КУЧЕВО,109,1
704024,ДРЕН,ЛАЗАРЕВАЦ,437,1
704059,ЖУПАЊАЦ,ЛАЗАРЕВАЦ,452,1
734012,БАТКОВИЋИ,ПРИБОЈ,104,1
734063,ЖИВИНИЦЕ,ПРИБОЈ,105,1
744913,ШАРБАНЕ,УБ,378,1
744921,БАЈИНЦИ,ЦРНА ТРАВА,5,1
744930,БАНКОВЦИ,ЦРНА ТРАВА,5,1
700037,БЗЕНИЦЕ,АЛЕКСАНДРОВАЦ,208,1
745006,ДАРКОВЦЕ,ЦРНА ТРАВА,69,1
745014,ДОБРО ПОЉЕ,ЦРНА ТРАВА,9,1
745022,ЈАБУКОВИК,ЦРНА ТРАВА,25,1
745049,КАЛНА,ЦРНА ТРАВА,58,1
745057,КРИВИ ДЕЛ,ЦРНА ТРАВА,64,1
734071,ЗАБРЂЕ,ПРИБОЈ,184,1
738956,МЕЧЈИ ДО,СВРЉИГ,8,1
738964,НИШЕВАЦ,СВРЉИГ,287,1
738972,ОКОЛИШТЕ,СВРЉИГ,39,1
738999,ОКРУГЛИЦА,СВРЉИГ,90,1
739006,ПАЛИЛУЛА,СВРЉИГ,26,1
739014,ПЕРИШ,СВРЉИГ,59,1
739022,ПИРКОВАЦ,СВРЉИГ,19,1
734098,ЗАГРАДИНА,ПРИБОЈ,118,1
801810,СЛАНКАМЕНАЧКИ ВИНОГРАДИ,ИНЂИЈА,190,1
732303,ДРЖИНА,ПИРОТ,260,1
732311,ЗАСКОВЦИ,ПИРОТ,20,1
739049,ПЛУЖИНА,СВРЉИГ,157,1
804240,РАДЕНКОВИЋ,СРЕМСКА МИТРОВИЦА,802,1
739057,ПОПШИЦА,СВРЉИГ,54,1
739065,ПРЕКОНОГА,СВРЉИГ,382,1
718530,МАЛИ БОШЊАК,КОЦЕЉЕВА,207,1
804266,СРЕМСКА МИТРОВИЦА,СРЕМСКА МИТРОВИЦА,36764,1
804274,СРЕМСКА РАЧА,СРЕМСКА МИТРОВИЦА,482,1
804304,ЧАЛМА,СРЕМСКА МИТРОВИЦА,1141,1
730432,КОВАЧЕВО,НОВИ ПАЗАР,235,1
730459,КОЖЉЕ,НОВИ ПАЗАР,443,1
730467,КОПРИВНИЦА,НОВИ ПАЗАР,75,1
730645,ОСАОНИЦА,НОВИ ПАЗАР,98,1
730653,ОСОЈЕ,НОВИ ПАЗАР,1622,1
730661,ОХОЉЕ,НОВИ ПАЗАР,101,1
730670,ПАВЉЕ,НОВИ ПАЗАР,125,1
730696,ПАСЈИ ПОТОК,НОВИ ПАЗАР,8,1
730700,ПИЛАРЕТА,НОВИ ПАЗАР,11,1
730815,РАДАЉИЦА,НОВИ ПАЗАР,91,1
803685,ГОРЊИ БРЕГ,СЕНТА,1259,1
803839,СУТЈЕСКА,СЕЧАЊ,1149,1
709263,МАСКАРЕ,ВАРВАРИН,368,1
709280,ОРАШЈЕ,ВАРВАРИН,502,1
709298,ПАЈКОВАЦ,ВАРВАРИН,115,1
709301,ПАРЦАНЕ,ВАРВАРИН,335,1
726150,ТИЈАЊЕ,ЛУЧАНИ,152,1
726168,ТУРИЦА,ЛУЧАНИ,446,1
726176,БА,ЉИГ,426,1
726184,БАБАЈИЋ,ЉИГ,369,1
727237,ТОПОНИЦА,МАЛО ЦРНИЋЕ,624,1
727245,ЦРЉЕНАЦ,МАЛО ЦРНИЋЕ,607,1
719315,БАПСКО ПОЉЕ,КРАЉЕВО,235,1
803847,ШУРЈАН,СЕЧАЊ,168,1
709417,МАРКОВАЦ,ВЕЛИКА ПЛАНА,2562,1
709425,МИЛОШЕВАЦ,ВЕЛИКА ПЛАНА,2456,1
705497,ПРЕТЕЖАНА,БЛАЦЕ,49,1
727512,МАЋЕДОНЦЕ (РЕТКОЦЕРСКО),МЕДВЕЂА,17,1
727539,МЕДВЕЂА,МЕДВЕЂА,2666,1
727547,МЕДЕВЦЕ,МЕДВЕЂА,28,1
727555,МРКОЊЕ,МЕДВЕЂА,9,1
727563,НЕГОСАВЉЕ,МЕДВЕЂА,391,1
727571,ПЕТРИЉЕ,МЕДВЕЂА,29,1
735396,БРЕГОВИНА,ПРОКУПЉЕ,23,1
735400,БРЕСНИК,ПРОКУПЉЕ,2,1
735418,БРЕСНИЧИЋ,ПРОКУПЉЕ,186,1
735426,БУБЛИЦА,ПРОКУПЉЕ,75,1
727890,ДОЊА РАСОВАЧА,МЕРОШИНА,468,1
719323,БАРЕ,КРАЉЕВО,112,1
738590,ЛУКОВИЦА,СВИЛАЈНАЦ,669,1
738603,МАЧЕВАЦ,СВИЛАЈНАЦ,136,1
738611,ПРОШТИНАЦ,СВИЛАЈНАЦ,159,1
738620,РАДОШИН,СВИЛАЈНАЦ,407,1
738638,РОАНДА,СВИЛАЈНАЦ,324,1
738646,РОЋЕВАЦ,СВИЛАЈНАЦ,227,1
738662,СЕДЛАРЕ,СВИЛАЈНАЦ,503,1
738689,СУБОТИЦА,СВИЛАЈНАЦ,553,1
738697,ТРОПОЊЕ,СВИЛАЈНАЦ,599,1
738719,ЦРКВЕНАЦ,СВИЛАЈНАЦ,1062,1
738727,БЕЛОИЊЕ,СВРЉИГ,190,1
719358,БОЈАНИЋИ,КРАЉЕВО,48,1
738778,ГАЛИБАБИНАЦ,СВРЉИГ,89,1
738786,ГОЈМАНОВАЦ,СВРЉИГ,38,1
738794,ГРБАВЧЕ,СВРЉИГ,238,1
738808,ГУЛИЈАН,СВРЉИГ,80,1
738816,ГУШЕВАЦ,СВРЉИГ,122,1
738883,КОПАЈКОШАРА,СВРЉИГ,31,1
738891,ЛАБУКОВО,СВРЉИГ,19,1
739863,МИЛИЋИ,СЈЕНИЦА,19,1
739871,ПАПИЋЕ,СЈЕНИЦА,262,1
800082,ВЛАДИМИРОВАЦ,АЛИБУНАР,3237,1
719382,БРЕЗОВА,КРАЉЕВО,221,1
719404,БРЕСНИК,КРАЉЕВО,49,1
719412,БУКОВИЦА,КРАЉЕВО,406,1
719439,ВИТАНОВАЦ,КРАЉЕВО,1312,1
719447,ВИТКОВАЦ,КРАЉЕВО,527,1
719455,ВРБА,КРАЉЕВО,1180,1
719463,ВРДИЛА,КРАЉЕВО,737,1
719471,ВРХ,КРАЉЕВО,38,1
719501,ГОКЧАНИЦА,КРАЉЕВО,37,1
705659,БАНОВО ПОЉЕ,БОГАТИЋ,1140,1
705667,БЕЛОТИЋ,БОГАТИЋ,1349,1
705675,БОГАТИЋ,БОГАТИЋ,5569,1
732338,ЈАЛБОТИНА,ПИРОТ,35,1
732451,МИЛОЈКОВАЦ,ПИРОТ,3,1
732460,МИРКОВЦИ,ПИРОТ,2,1
732478,НИШОР,ПИРОТ,33,1
732699,СИЊА ГЛАВА,ПИРОТ,20,1
732702,СЛАВИЊА,ПИРОТ,35,1
732729,СОПОТ,ПИРОТ,175,1
732737,СРЕЋКОВАЦ,ПИРОТ,69,1
732745,СТАНИЧЕЊЕ,ПИРОТ,359,1
732753,СУКОВО,ПИРОТ,465,1
800180,АПАТИН,АПАТИН,14613,1
732761,ТЕМСКА,ПИРОТ,449,1
732940,ДРМНО,ПОЖАРЕВАЦ,825,1
732958,ДУБРАВИЦА,ПОЖАРЕВАЦ,808,1
709310,СУВАЈА,ВАРВАРИН,29,1
709328,ТОЉЕВАЦ,ВАРВАРИН,363,1
709336,ЦЕРНИЦА,ВАРВАРИН,150,1
709344,ВЕЛИКА ПЛАНА,ВЕЛИКА ПЛАНА,14609,1
709352,ВЕЛИКО ОРАШЈЕ,ВЕЛИКА ПЛАНА,1741,1
709379,ДОЊА ЛИВАДИЦА,ВЕЛИКА ПЛАНА,1440,1
709387,КРЊЕВО,ВЕЛИКА ПЛАНА,3074,1
709395,КУПУСИНА,ВЕЛИКА ПЛАНА,135,1
709409,ЛОЗОВИК,ВЕЛИКА ПЛАНА,4108,1
711594,КАТУН,ВРАЊЕ,349,1
745138,САСТАВ РЕКА,ЦРНА ТРАВА,17,1
745146,ЦРНА ТРАВА,ЦРНА ТРАВА,338,1
800660,СВЕТИЋЕВО,БАЧКА ТОПОЛА,96,1
801143,ЈАБЛАНКА,ВРШАЦ,223,1
801151,КУШТИЉ,ВРШАЦ,522,1
730009,БАЈЕВИЦА,НОВИ ПАЗАР,730,1
800015,АДА,АДА,7423,1
745154,АЛИН ПОТОК,ЧАЈЕТИНА,132,1
745162,БРАНЕШЦИ,ЧАЈЕТИНА,668,1
745189,ГОЛОВО,ЧАЈЕТИНА,123,1
746380,МИШАР,ШАБАЦ,2048,1
745197,ГОСТИЉЕ,ЧАЈЕТИНА,160,1
745219,ДОБРОСЕЛИЦА,ЧАЈЕТИНА,273,1
745227,ДРЕНОВА,ЧАЈЕТИНА,76,1
745235,ЖЕЉИНЕ,ЧАЈЕТИНА,66,1
800031,ОБОРЊАЧА,АДА,215,1
745332,САИНОВИНА,ЧАЈЕТИНА,553,1
745359,СЕМЕГЊЕВО,ЧАЈЕТИНА,142,1
800040,СТЕРИЈИНО,АДА,106,1
800155,НИКОЛИНЦИ,АЛИБУНАР,990,1
800678,СРЕДЊИ САЛАШ,БАЧКА ТОПОЛА,66,1
704962,ДУЧИНА,СОПОТ,636,1
800066,АЛИБУНАР,АЛИБУНАР,2694,1
740977,СОКОБАЊА,СОКОБАЊА,7188,1
791067,БЕОГРАД (НОВИ БЕОГРАД),НОВИ БЕОГРАД,209763,1
791075,БЕОГРАД (ПАЛИЛУЛА),ПАЛИЛУЛА (БЕОГРАД),113883,1
791083,БЕОГРАД (РАКОВИЦА),РАКОВИЦА,104456,1
791091,БЕОГРАД (САВСКИ ВЕНАЦ),САВСКИ ВЕНАЦ,36699,1
791105,БЕОГРАД (СТАРИ ГРАД),СТАРИ ГРАД,44737,1
800163,НОВИ КОЗЈАК,АЛИБУНАР,482,1
700240,ДОЊЕ РАТАЈЕ,АЛЕКСАНДРОВАЦ,656,1
804509,ВИШЊЕВАЦ,СУБОТИЦА,457,1
800171,СЕЛЕУШ,АЛИБУНАР,1009,1
706965,ЦРНОШТИЦА,БОСИЛЕГРАД,98,1
706973,БАТОТЕ,БРУС,243,1
731633,ТЕКИЈА,ПАРАЋИН,1121,1
742252,БАБИНА ПОЉАНА,ТРГОВИШТЕ,10,1
742279,БАРБАЦЕ,ТРГОВИШТЕ,85,1
800198,КУПУСИНА,АПАТИН,1347,1
709948,КУЈАВИЦА,ВЛАДИМИРЦИ,168,1
709956,ЛОЈАНИЦЕ,ВЛАДИМИРЦИ,414,1
800210,СВИЛОЈЕВО,АПАТИН,880,1
709964,МАТИЈЕВАЦ,ВЛАДИМИРЦИ,577,1
710407,ЛЕПЕНИЦА,ВЛАДИЧИН ХАН,668,1
710415,ЛЕТОВИШТЕ,ВЛАДИЧИН ХАН,74,1
710423,ЉУТЕЖ,ВЛАДИЧИН ХАН,58,1
724327,ЖИВКОВО,ЛЕСКОВАЦ,524,1
725374,ДОЊИ ДОБРИЋ,ЛОЗНИЦА,981,1
800252,БОЂАНИ,БАЧ,686,1
800279,ВАЈСКА,БАЧ,2301,1
738336,РИБАРЕ,ЈАГОДИНА,3512,1
700096,ВЕНЧАЦ,АЛЕКСАНДРОВАЦ,289,1
700100,ВИТКОВО,АЛЕКСАНДРОВАЦ,538,1
700118,ВРАЖОГРНЦИ,АЛЕКСАНДРОВАЦ,218,1
700126,ВРАНШТИЦА,АЛЕКСАНДРОВАЦ,11,1
700134,ВРБНИЦА,АЛЕКСАНДРОВАЦ,301,1
746363,МИЛОШЕВАЦ,ШАБАЦ,45,1
732133,БРЛОГ,ПИРОТ,14,1
732192,ВЛАСИ,ПИРОТ,26,1
725463,ЈУГОВИЋИ,ЛОЗНИЦА,81,1
725471,КАМЕНИЦА,ЛОЗНИЦА,121,1
725480,КЛУПЦИ,ЛОЗНИЦА,6609,1
725498,КОЗЈАК,ЛОЗНИЦА,912,1
743259,БИОХАНЕ,ТУТИН,116,1
724475,КОВАЧЕВА БАРА,ЛЕСКОВАЦ,82,1
724483,КОЗАРЕ,ЛЕСКОВАЦ,267,1
724491,КОРАЋЕВАЦ,ЛЕСКОВАЦ,143,1
724505,КРПЕЈЦЕ,ЛЕСКОВАЦ,6,1
724513,КУКУЛОВЦЕ,ЛЕСКОВАЦ,238,1
724521,КУМАРЕВО,ЛЕСКОВАЦ,723,1
804398,КРЊЕШЕВЦИ,СТАРА ПАЗОВА,734,1
725587,МИЛИНА,ЛОЗНИЦА,135,1
725595,НОВО СЕЛО,ЛОЗНИЦА,1032,1
743186,УГЉАРЕВО,ТРСТЕНИК,384,1
743194,ЧАИРИ,ТРСТЕНИК,440,1
804452,БАЈМОК,СУБОТИЦА,6093,1
800333,ДЕСПОТОВО,БАЧКА ПАЛАНКА,1544,1
804487,БАЧКО ДУШАНОВО,СУБОТИЦА,523,1
801984,ВЕЛЕБИТ,КАЊИЖА,224,1
712817,ТАСКОВИЋИ,ГАЏИН ХАН,256,1
733512,РОГЕ,ПОЖЕГА,247,1
804525,ДОЊИ ТАВАНКУТ,СУБОТИЦА,1969,1
801992,ДОЛИНЕ,КАЊИЖА,236,1
733326,КАЛЕНИЋИ,ПОЖЕГА,207,1
733334,ЛОПАШ,ПОЖЕГА,414,1
733342,ЛОРЕТ,ПОЖЕГА,151,1
804533,ЂУРЂИН,СУБОТИЦА,1202,1
700258,ДОЊИ ВРАТАРИ,АЛЕКСАНДРОВАЦ,220,1
733369,ЉУТИЦЕ,ПОЖЕГА,274,1
727695,СТАРА БАЊА,МЕДВЕЂА,22,1
727709,СТУБЛА,МЕДВЕЂА,44,1
804541,КЕЛЕБИЈА,СУБОТИЦА,1969,1
719072,МИРОНИЋ,КРАГУЈЕВАЦ,59,1
719099,НОВИ МИЛАНОВАЦ,КРАГУЈЕВАЦ,350,1
719102,ОПОРНИЦА,КРАГУЈЕВАЦ,630,1
719129,ПАЈАЗИТОВО,КРАГУЈЕВАЦ,172,1
719145,ПОСКУРИЦЕ,КРАГУЈЕВАЦ,502,1
719153,ПРЕКОПЕЧА,КРАГУЈЕВАЦ,91,1
719161,РАМАЋА,КРАГУЈЕВАЦ,255,1
731056,ШАРОЊЕ,НОВИ ПАЗАР,274,1
719170,РЕСНИК,КРАГУЈЕВАЦ,947,1
719188,РОГОЈЕВАЦ,КРАГУЈЕВАЦ,318,1
719200,СТРАГАРИ,КРАГУЈЕВАЦ,661,1
719226,ТРЕШЊЕВАК,КРАГУЈЕВАЦ,5,1
719234,ТРМБАС,КРАГУЈЕВАЦ,537,1
719242,УГЉАРЕВАЦ,КРАГУЈЕВАЦ,110,1
727717,ТУЛАРЕ,МЕДВЕЂА,104,1
727725,ТУПАЛЕ,МЕДВЕЂА,167,1
804584,НОВИ ЖЕДНИК,СУБОТИЦА,1994,1
700363,ЛЕСКОВИЦА,АЛЕКСАНДРОВАЦ,239,1
700371,ЉУБИНЦИ,АЛЕКСАНДРОВАЦ,223,1
700380,МРМОШ,АЛЕКСАНДРОВАЦ,584,1
741795,ПОНИКОВИЦА,УЖИЦЕ,264,1
741809,ПОТОЧАЊЕ,УЖИЦЕ,452,1
741817,ПОТПЕЋЕ,УЖИЦЕ,391,1
741825,РАВНИ,УЖИЦЕ,335,1
741833,РАДУША,УЖИЦЕ,275,1
741841,РИБАШЕВИНА,УЖИЦЕ,291,1
741850,СЕВОЈНО,СЕВОЈНО,6426,2
741868,СКРЖУТИ,УЖИЦЕ,423,1
742317,ГОРЊА ТРНИЦА,ТРГОВИШТЕ,45,1
742325,ГОРЊИ КОЗЈИ ДОЛ,ТРГОВИШТЕ,241,1
742333,ГОРЊИ СТАЈЕВАЦ,ТРГОВИШТЕ,72,1
742341,ДЕЈАНЦЕ,ТРГОВИШТЕ,22,1
742350,ДОЊА ТРНИЦА,ТРГОВИШТЕ,131,1
802000,ЗИМОНИЋ,КАЊИЖА,175,3
742953,МИЛУТОВАЦ,ТРСТЕНИК,1181,1
742961,ОКРУГЛИЦА,ТРСТЕНИК,206,1
742970,ОСАОНИЦА,ТРСТЕНИК,25,1
742988,ОЏАЦИ,ТРСТЕНИК,1104,1
802069,НОВО СЕЛО,КАЊИЖА,96,1
736856,ТРСКА,РАЧА,357,1
736864,БАДАЊ,РАШКА,31,1
738417,СТРИЖИЛО,ЈАГОДИНА,225,1
719579,ДРАЖИНИЋЕ,КРАЉЕВО,54,1
804622,ХАЈДУКОВО,СУБОТИЦА,1854,1
734845,КРУШЕВО,ПРИЈЕПОЉЕ,17,1
705764,УЗВЕЋЕ,БОГАТИЋ,878,1
705772,ЦРНА БАРА,БОГАТИЋ,1579,1
705799,БОЈНИК,БОЈНИК,3087,1
705802,БОРИНЦЕ,БОЈНИК,14,1
705829,БРЕСТОВАЦ,БОЈНИК,236,1
705837,ВУЈАНОВО,БОЈНИК,14,1
712752,НОВО СЕЛО,ГАЏИН ХАН,20,1
712779,ОВСИЊИНАЦ,ГАЏИН ХАН,84,1
712906,ВИНЦИ,ГОЛУБАЦ,354,1
741744,МОКРА ГОРА,УЖИЦЕ,393,1
741779,ПАЊАК,УЖИЦЕ,43,1
741787,ПЕАР,УЖИЦЕ,259,1
734853,КУЧИН,ПРИЈЕПОЉЕ,97,1
803405,ЛАУДОНОВАЦ,ПЛАНДИШТЕ,10,1
803065,БАНАТСКО НОВО СЕЛО,ПАНЧЕВО,5806,1
719587,ДРАКЧИЋИ,КРАЉЕВО,544,1
713023,МАЛЕШЕВО,ГОЛУБАЦ,184,1
713058,ПОНИКВЕ,ГОЛУБАЦ,53,1
713074,СЛАДИНАЦ,ГОЛУБАЦ,121,1
713104,УСИЈЕ,ГОЛУБАЦ,274,1
733318,ЈЕЛЕН ДО,ПОЖЕГА,76,1
733377,МАЂЕР,ПОЖЕГА,77,1
719633,ЗАМЧАЊЕ,КРАЉЕВО,12,1
733466,ПРИЛИПАЦ,ПОЖЕГА,247,1
735388,БОГУЈЕВАЦ,ПРОКУПЉЕ,6,1
718173,ДОЊА ПОЛОШНИЦА,КОСЈЕРИЋ,73,1
718190,ДУБНИЦА,КОСЈЕРИЋ,77,1
718203,КОСЈЕРИЋ (ВАРОШ),КОСЈЕРИЋ,3723,1
718211,КОСЈЕРИЋ (СЕЛО),КОСЈЕРИЋ,811,1
718220,МАКОВИШТЕ,КОСЈЕРИЋ,543,1
718238,МИОНИЦА,КОСЈЕРИЋ,112,1
718246,МРЧИЋИ,КОСЈЕРИЋ,194,1
718254,МУШИЋИ,КОСЈЕРИЋ,232,1
718262,ПАРАМУН,КОСЈЕРИЋ,60,1
718289,РАДАНОВЦИ,КОСЈЕРИЋ,274,1
718297,РОСИЋИ,КОСЈЕРИЋ,158,1
718319,РУДА БУКВА,КОСЈЕРИЋ,83,1
718327,СЕЧА РЕКА,КОСЈЕРИЋ,554,1
802026,МАЛЕ ПИЈАЦЕ,КАЊИЖА,1412,1
801470,ЧЕСТЕРЕГ,ЖИТИШТЕ,879,1
718343,СТОЈИЋИ,КОСЈЕРИЋ,59,1
718378,ЦИКОТЕ,КОСЈЕРИЋ,182,1
718386,ШЕВРЉУГЕ,КОСЈЕРИЋ,242,1
721280,МАЧКОВАЦ,КРУШЕВАЦ,932,1
724297,ДУШАНОВО,ЛЕСКОВАЦ,104,1
731013,ХОТКОВО,НОВИ ПАЗАР,326,1
731048,ШАВЦИ,НОВИ ПАЗАР,341,1
731064,ШТИТАРЕ,НОВИ ПАЗАР,30,1
731072,БАСТАВ,ОСЕЧИНА,357,1
731099,БЕЛОТИЋ,ОСЕЧИНА,415,1
731102,БРАТАЧИЋ,ОСЕЧИНА,186,1
718980,КРАГУЈЕВАЦ,КРАГУЈЕВАЦ,146315,1
718998,КУТЛОВО,КРАГУЈЕВАЦ,222,1
719005,ЛУЖНИЦЕ,КРАГУЈЕВАЦ,803,1
719013,ЉУБИЧЕВАЦ,КРАГУЈЕВАЦ,20,1
719021,МАЛА ВРБИЦА,КРАГУЈЕВАЦ,199,1
719048,МАЛИ ШЕЊ,КРАГУЈЕВАЦ,72,1
719056,МАРШИЋ,КРАГУЈЕВАЦ,268,1
743968,ПРУЖАЊ,ТУТИН,134,1
739901,ПОДА,СЈЕНИЦА,3,1
719641,ЗАСАД,КРАЉЕВО,64,1
704563,БАРИЧ,ОБРЕНОВАЦ,6610,1
704571,БЕЛО ПОЉЕ,ОБРЕНОВАЦ,1921,1
704644,ДРЕН,ОБРЕНОВАЦ,937,1
704890,КОВИЛОВО,ПАЛИЛУЛА (БЕОГРАД),760,1
733768,ИЛИНЦЕ,ПРЕШЕВО,103,1
726460,ШУТЦИ,ЉИГ,435,1
740071,ТРИЈЕБИНЕ,СЈЕНИЦА,336,1
740080,ТУЗИЊЕ,СЈЕНИЦА,114,1
743984,РАДУША,ТУТИН,75,1
744026,РУДНИЦА,ТУТИН,87,1
804967,БИКИЋ ДО,ШИД,199,1
744034,РУЂА,ТУТИН,53,1
744042,САШ,ТУТИН,22,1
744506,БАЊАНИ,УБ,962,1
744514,БОГДАНОВИЦА,УБ,289,1
744522,БРГУЛЕ,УБ,935,1
744549,БРЕЗОВИЦА,УБ,507,1
744557,ВРЕЛО,УБ,1207,1
744565,ВРХОВИНЕ,УБ,354,1
744573,ВУКОНА,УБ,183,1
744581,ГВОЗДЕНОВИЋ,УБ,314,1
744590,ГУЊЕВАЦ,УБ,523,1
744603,ДОКМИР,УБ,336,1
744611,ЗВИЗДАР,УБ,390,1
744620,ЈОШЕВА,УБ,359,1
744638,КАЛЕНИЋ,УБ,552,1
744646,КАЛИНОВАЦ,УБ,350,1
802042,МАРТОНОШ,КАЊИЖА,1429,1
716391,РАВНА ГОРА,ИВАЊИЦА,67,1
716405,РАДАЉЕВО,ИВАЊИЦА,825,1
716413,РОВИНЕ,ИВАЊИЦА,45,1
716421,РОКЦИ,ИВАЊИЦА,305,1
716430,СВЕШТИЦА,ИВАЊИЦА,1241,1
716448,СИВЧИНА,ИВАЊИЦА,105,1
716456,СМИЉЕВАЦ,ИВАЊИЦА,66,1
716464,ЧЕЧИНА,ИВАЊИЦА,72,1
716472,ШАРЕНИК,ИВАЊИЦА,341,1
716499,ШУМЕ,ИВАЊИЦА,1175,1
716502,БРЗА ПАЛАНКА,КЛАДОВО,646,1
741680,КОТРОМАН,УЖИЦЕ,66,1
729680,БОЖЕТИЋИ,НОВА ВАРОШ,233,1
729698,БРДО,НОВА ВАРОШ,306,1
729701,БУКОВИК,НОВА ВАРОШ,178,1
729710,БУРАЂА,НОВА ВАРОШ,133,1
729728,ВИЛОВИ,НОВА ВАРОШ,275,1
729736,ВРАНЕША,НОВА ВАРОШ,303,1
729744,ГОРЊА БЕЛА РЕКА,НОВА ВАРОШ,106,1
729752,ГОРЊЕ ТРУДОВО,НОВА ВАРОШ,37,1
724718,НЕСВРТА,ЛЕСКОВАЦ,20,1
721689,БАБИЦА,КУРШУМЛИЈА,26,1
746746,КУЛИЧ,СМЕДЕРЕВО,229,1
725200,БАШЧЕЛУЦИ,ЛОЗНИЦА,786,1
719650,ЈАРЧУЈАК,КРАЉЕВО,706,1
741698,КРВАВЦИ,УЖИЦЕ,234,1
741701,КРЕМНА,УЖИЦЕ,452,1
742996,ПАЈСАК,ТРСТЕНИК,45,1
743003,ПЛАНИНИЦА,ТРСТЕНИК,126,1
743011,ПОЉНА,ТРСТЕНИК,834,1
743020,ПОПИНА,ТРСТЕНИК,287,1
803464,ХАЈДУЧИЦА,ПЛАНДИШТЕ,829,1
801593,ЛАЗАРЕВО,ЗРЕЊАНИН,2231,1
804843,ВРБИЦА,ЧОКА,141,1
802093,ТРЕШЊЕВАЦ,КАЊИЖА,1433,1
803766,ЈАША ТОМИЋ,СЕЧАЊ,1889,1
804878,ПАДЕЈ,ЧОКА,1716,1
804886,САНАД,ЧОКА,906,1
804916,АДАШЕВЦИ,ШИД,1566,1
804924,БАТРОВЦИ,ШИД,201,1
802948,БАЧКИ БРЕСТОВАЦ,ОЏАЦИ,2196,1
710881,ЗЛАТИЋЕВО,ВЛАСОТИНЦЕ,54,1
710890,ЈАВОРЈЕ,ВЛАСОТИНЦЕ,0,1
710903,ЈАКОВЉЕВО,ВЛАСОТИНЦЕ,199,1
710911,ЈАСТРЕБАЦ,ВЛАСОТИНЦЕ,333,1
804932,БАЧИНЦИ,ШИД,990,1
803901,ДОРОСЛОВО,СОМБОР,1084,1
706833,КАРАМАНИЦА,БОСИЛЕГРАД,14,1
706841,МИЛЕВЦИ,БОСИЛЕГРАД,49,1
706850,МЛЕКОМИНЦИ,БОСИЛЕГРАД,65,1
706868,МУСУЉ,БОСИЛЕГРАД,36,1
804959,БЕРКАСОВО,ШИД,983,1
803367,ВЕЛИКИ ГАЈ,ПЛАНДИШТЕ,412,1
804789,КУЦУРА,ВРБАС,3952,1
705594,ЧУНГУЛА,БЛАЦЕ,231,1
705608,ЧУЧАЛЕ,БЛАЦЕ,131,1
705616,ЏЕПНИЦА,БЛАЦЕ,150,1
705624,ШИЉОМАНА,БЛАЦЕ,58,1
705632,БАДОВИНЦИ,БОГАТИЋ,4077,1
708097,ПРИБОВЦЕ,БУЈАНОВАЦ,370,1
708119,РАВНО БУЧЈЕ,БУЈАНОВАЦ,268,1
708127,РАКОВАЦ,БУЈАНОВАЦ,1063,1
804975,БИНГУЛА,ШИД,561,1
804983,ВАШИЦА,ШИД,1211,1
803375,ДУЖИНЕ,ПЛАНДИШТЕ,85,1
804991,ВИШЊИЋЕВО,ШИД,1398,1
707163,ГРАДАЦ,БРУС,79,1
707333,КНЕЖЕВО,БРУС,34,1
707341,КОБИЉЕ,БРУС,340,1
707350,КОВИЗЛЕ,БРУС,24,1
707368,КОВИОЦИ,БРУС,80,1
707376,КОЧИНЕ,БРУС,78,1
707384,КРИВА РЕКА,БРУС,300,1
719684,КОВАНЛУК,КРАЉЕВО,2033,1
707180,ДОМИШЕВИНА,БРУС,40,1
707317,ИГРОШ,БРУС,435,1
719480,ГЛЕДИЋ,КРАЉЕВО,198,1
718360,ТУБИЋИ,КОСЈЕРИЋ,396,1
734110,ЈЕЛАЧА,ПРИБОЈ,109,1
732915,БРЕЖАНЕ,ПОЖАРЕВАЦ,709,1
738271,МЕЂУРЕЧ,ЈАГОДИНА,359,1
738387,СЛАТИНА,ЈАГОДИНА,110,1
740799,ВРБОВАЦ,СОКОБАЊА,375,1
720925,ДОЊИ СТЕПОШ,КРУШЕВАЦ,465,1
720933,ЂУНИС,КРУШЕВАЦ,565,1
720941,ЖАБАРЕ,КРУШЕВАЦ,251,1
720950,ЗДРАВИЊЕ,КРУШЕВАЦ,574,1
709662,ПОЖЕЖЕНО,ВЕЛИКО ГРАДИШТЕ,517,1
738409,СТАРО СЕЛО,ЈАГОДИНА,30,1
734900,МИЈОСКА,ПРИЈЕПОЉЕ,747,1
710393,ЛЕБЕТ,ВЛАДИЧИН ХАН,32,1
715301,ДРЖАНОВАЦ,ЖИТОРАЂА,739,1
715310,ДУБОВО,ЖИТОРАЂА,251,1
730084,БРЕСТОВО,НОВИ ПАЗАР,3,1
719692,КОВАЧИ,КРАЉЕВО,1159,1
738859,ЂУРИНАЦ,СВРЉИГ,135,1
738867,ЖЕЉЕВО,СВРЉИГ,37,1
738875,ИЗВОР,СВРЉИГ,183,1
716529,ВАЈУГА,КЛАДОВО,325,1
716537,ВЕЛЕСНИЦА,КЛАДОВО,257,1
716545,ВЕЛИКА ВРБИЦА,КЛАДОВО,586,1
716553,ВЕЛИКА КАМЕНИЦА,КЛАДОВО,661,1
741671,КЕСЕРОВИНА,УЖИЦЕ,345,1
804495,БИКОВО,СУБОТИЦА,1291,1
742368,ДОЊИ КОЗЈИ ДОЛ,ТРГОВИШТЕ,65,1
742902,МАЛА ДРЕНОВА,ТРСТЕНИК,443,1
709778,БЕЛОТИЋ,ВЛАДИМИРЦИ,391,1
730882,СЕБЕЧЕВО,НОВИ ПАЗАР,681,1
730904,СИТНИЧЕ,НОВИ ПАЗАР,908,1
707198,ДОЊЕ ЛЕВИЋЕ,БРУС,46,1
707201,ДОЊИ ЛИПОВАЦ,БРУС,88,1
707210,ДРЕНОВА,БРУС,52,1
707228,ДРТЕВЦИ,БРУС,34,1
707244,ЂЕРЕКАРЕ,БРУС,10,1
705438,МАЛА ДРАГУША,БЛАЦЕ,103,1
740136,УШАК,СЈЕНИЦА,5,1
740144,ФИЈУЉ,СЈЕНИЦА,109,1
740152,ЦАРИЧИНА,СЈЕНИЦА,14,1
740179,ЦЕТАНОВИЋЕ,СЈЕНИЦА,311,1
740187,ЦРВСКО,СЈЕНИЦА,71,1
740195,ЦРЧЕВО,СЈЕНИЦА,48,1
740209,ЧЕДОВО,СЈЕНИЦА,45,1
740217,ЧИПАЉЕ,СЈЕНИЦА,87,1
740225,ЧИТЛУК,СЈЕНИЦА,146,1
720321,БАЊЕВАЦ,КРУПАЊ,411,1
720330,БЕЛА ЦРКВА,КРУПАЊ,496,1
737321,ПАВЛИЦА,РАШКА,83,1
737330,ПАНОЈЕВИЋЕ,РАШКА,138,1
737348,ПИСКАЊА,РАШКА,363,1
730092,ВАРЕВО,НОВИ ПАЗАР,786,1
710920,КОЗИЛО,ВЛАСОТИНЦЕ,2,1
710938,КОМАРИЦА,ВЛАСОТИНЦЕ,72,1
710946,КОНОПНИЦА,ВЛАСОТИНЦЕ,685,1
735345,БЕЛИ КАМЕН,ПРОКУПЉЕ,14,1
735353,БЕЛОГОШ,ПРОКУПЉЕ,40,1
735361,БЕЛОЉИН,ПРОКУПЉЕ,399,1
735370,БЕРИЉЕ,ПРОКУПЉЕ,621,1
803103,ЈАБУКА,ПАНЧЕВО,5650,1
730106,ВЕВЕР,НОВИ ПАЗАР,19,1
721832,ГРАБОВНИЦА,КУРШУМЛИЈА,119,1
800350,МЛАДЕНОВО,БАЧКА ПАЛАНКА,2108,1
736325,СТАРО СЕЛО,ПРОКУПЉЕ,11,1
740233,ШАРЕ,СЈЕНИЦА,58,1
740241,ШТАВАЉ,СЈЕНИЦА,197,1
740314,ВУЧАК,СМЕДЕРЕВО,1751,1
723169,СТРМОВО,ЛАЈКОВАЦ,260,1
723177,ЋЕЛИЈЕ,ЛАЈКОВАЦ,625,1
723185,БАЧЕВИНА,ЛЕБАНЕ,68,1
723193,БОШЊАЦЕ,ЛЕБАНЕ,1319,1
723207,БУВЦЕ,ЛЕБАНЕ,34,1
723215,ВЕЛИКО ВОЈЛОВЦЕ,ЛЕБАНЕ,215,1
723223,ГЕГЉА,ЛЕБАНЕ,149,1
803162,БРЕСТАЧ,ПЕЋИНЦИ,869,1
723231,ГОЛИ РИД,ЛЕБАНЕ,32,1
723274,ДРВОДЕЉ,ЛЕБАНЕ,20,1
723282,ЖДЕГЛОВО,ЛЕБАНЕ,513,1
735035,ПОТКРШ,ПРИЈЕПОЉЕ,70,1
746207,ДУВАНИШТЕ,ШАБАЦ,457,1
803863,БАЧКИ БРЕГ,СОМБОР,769,1
800872,ЧЕШКО СЕЛО,БЕЛА ЦРКВА,26,1
804746,ШАЈКАШ,ТИТЕЛ,4004,1
804797,РАВНО СЕЛО,ВРБАС,2701,1
804819,САВИНО СЕЛО,ВРБАС,2562,1
801038,ВАТИН,ВРШАЦ,148,1
736384,ШЕВИШ,ПРОКУПЉЕ,11,1
723967,ГОРЊА КУПИНОВИЦА,ЛЕСКОВАЦ,76,1
723975,ГОРЊА ЛОКОШНИЦА,ЛЕСКОВАЦ,69,1
721506,СРЊЕ,КРУШЕВАЦ,650,1
721514,СТАНЦИ,КРУШЕВАЦ,239,1
721522,СУВАЈА,КРУШЕВАЦ,266,1
721549,СУШИЦА,КРУШЕВАЦ,629,1
721557,ТЕКИЈА,КРУШЕВАЦ,773,1
721565,ТРЕБОТИН,КРУШЕВАЦ,487,1
721573,ТРМЧАРЕ,КРУШЕВАЦ,562,1
721581,ЋЕЛИЈЕ,КРУШЕВАЦ,205,1
721590,ЦЕРОВА,КРУШЕВАЦ,299,1
721603,ЦРКВИНА,КРУШЕВАЦ,150,1
721611,ЧИТЛУК,КРУШЕВАЦ,2770,1
724831,ПЕЧЕЊЕВЦЕ,ЛЕСКОВАЦ,1203,1
721620,ШАВРАНЕ,КРУШЕВАЦ,587,1
729124,ДОЊА ТРНАВА,ЦРВЕНИ КРСТ,508,2
729132,ДОЊЕ ВЛАСЕ,ПАЛИЛУЛА (НИШ),214,2
729426,ПАЉИНА,ЦРВЕНИ КРСТ,178,2
729434,ПАСИ ПОЉАНА,ПАЛИЛУЛА (НИШ),2948,2
729442,ПАСЈАЧА,ПАНТЕЛЕЈ,128,2
729469,ПОПОВАЦ,ЦРВЕНИ КРСТ,2650,2
729477,ПРВА КУТИНА,НИШКА БАЊА,908,2
729485,ПРОСЕК,НИШКА БАЊА,551,2
729493,РАВНИ ДО,НИШКА БАЊА,29,2
729507,РАДИКИНА БАРА,НИШКА БАЊА,47,2
745987,РИЂАГЕ,ЧАЧАК,152,1
722057,КОЊУВА,КУРШУМЛИЈА,88,1
722065,КОСМАЧА,КУРШУМЛИЈА,39,1
722073,КРТОК,КУРШУМЛИЈА,10,1
722081,КРЧМАРЕ,КУРШУМЛИЈА,66,1
722090,КУПИНОВО,КУРШУМЛИЈА,17,1
722103,КУРШУМЛИЈА,КУРШУМЛИЈА,11765,1
722111,КУРШУМЛИЈСКА БАЊА,КУРШУМЛИЈА,57,1
801046,ВЕЛИКО СРЕДИШТЕ,ВРШАЦ,1092,1
734357,ЧИТЛУК,ПРИБОЈ,937,1
701203,ПОРОДИН,АЛЕКСИНАЦ,69,1
701211,ПРЕКОНОЗИ,АЛЕКСИНАЦ,64,1
701220,ПРЋИЛОВИЦА,АЛЕКСИНАЦ,2191,1
701238,ПРУГОВАЦ,АЛЕКСИНАЦ,135,1
701246,РАДЕВЦЕ,АЛЕКСИНАЦ,351,1
804827,ВРБАС,ВРБАС,20892,1
705403,КРИВАЈА,БЛАЦЕ,98,1
705411,КУТЛОВАЦ,БЛАЦЕ,99,1
734381,БАРЕ,ПРИЈЕПОЉЕ,5,1
800503,ГОРЊА РОГАТИЦА,БАЧКА ТОПОЛА,298,1
701122,ЛУЖАНЕ,АЛЕКСИНАЦ,651,1
701149,ЉУПТЕН,АЛЕКСИНАЦ,183,1
701157,МАЛИ ДРЕНОВАЦ,АЛЕКСИНАЦ,102,1
701165,МОЗГОВО,АЛЕКСИНАЦ,1059,1
701173,МОРАВАЦ,АЛЕКСИНАЦ,1499,1
701181,МОРАВСКИ БУЈМИР,АЛЕКСИНАЦ,124,1
701190,НОЗРИНА,АЛЕКСИНАЦ,651,1
705446,МЕЂУХАНА,БЛАЦЕ,110,1
710784,ГРАДИШТЕ,ВЛАСОТИНЦЕ,105,1
710792,ГУЊЕТИНА,ВЛАСОТИНЦЕ,25,1
710806,ДАДИНЦЕ,ВЛАСОТИНЦЕ,98,1
710814,ДОБРОВИШ,ВЛАСОТИНЦЕ,19,1
721069,КОМОРАНЕ,КРУШЕВАЦ,107,1
721085,КОШЕВИ,КРУШЕВАЦ,315,1
721140,ЛИПОВАЦ,КРУШЕВАЦ,378,1
721182,МАЈДЕВО,КРУШЕВАЦ,326,1
721263,МАЛО ГОЛОВОДЕ,КРУШЕВАЦ,2423,1
726940,БУДИШИЋ,МАЛИ ЗВОРНИК,205,1
726958,ВЕЛИКА РЕКА,МАЛИ ЗВОРНИК,266,1
726966,ВОЉЕВЦИ,МАЛИ ЗВОРНИК,534,1
726974,ДОЊА БОРИНА,МАЛИ ЗВОРНИК,1320,1
726982,ДОЊА ТРЕШЊИЦА,МАЛИ ЗВОРНИК,450,1
727008,МАЛИ ЗВОРНИК,МАЛИ ЗВОРНИК,4297,1
727016,РАДАЉ,МАЛИ ЗВОРНИК,1821,1
728624,МАЛАЈНИЦА,НЕГОТИН,339,1
702269,НАШУШКОВИЦА,БАБУШНИЦА,86,1
702277,ОСТАТОВИЦА,БАБУШНИЦА,18,1
730378,ИЗБИЦЕ,НОВИ ПАЗАР,1886,1
730386,ЈАБЛАНИЦА,НОВИ ПАЗАР,7,1
719706,КОНАРЕВО,КРАЉЕВО,3344,1
725226,БРЕЗЈАК,ЛОЗНИЦА,96,1
737178,КОПАОНИК,РАШКА,59,1
737186,КОРЛАЋЕ,РАШКА,311,1
727024,САКАР,МАЛИ ЗВОРНИК,488,1
727032,ЦУЛИНЕ,МАЛИ ЗВОРНИК,239,1
727059,ЧИТЛУК,МАЛИ ЗВОРНИК,153,1
707325,ИРИЧИЋИ,БРУС,19,1
707813,ЖБЕВАЦ,БУЈАНОВАЦ,570,1
707821,ЖУЖЕЉИЦА,БУЈАНОВАЦ,176,1
707830,ЗАРБИНЦЕ,БУЈАНОВАЦ,450,1
707848,ЈАБЛАНИЦА,БУЈАНОВАЦ,81,1
743593,ЕРВЕНИЦЕ,ТУТИН,42,1
734705,ИЗБИЧАЊ,ПРИЈЕПОЉЕ,28,1
802778,ВЕТЕРНИК,НОВИ САД,18849,1
730483,КРУШЕВО,НОВИ ПАЗАР,401,1
730491,КУЗМИЧЕВО,НОВИ ПАЗАР,70,1
707503,РАДУЊЕ,БРУС,43,1
707511,РАЗБОЈНА,БРУС,333,1
707520,РИБАРИ,БРУС,245,1
707538,СТАНУЛОВИЋЕ,БРУС,10,1
707546,СТРОЈИНЦИ,БРУС,336,1
743771,ЛУКАВИЦА,ТУТИН,610,1
722294,МРЧА,КУРШУМЛИЈА,32,1
722308,НЕВАДА,КУРШУМЛИЈА,5,1
722391,ПЉАКОВО,КУРШУМЛИЈА,51,1
703818,РИТОПЕК,ГРОЦКА,2669,1
703826,УМЧАРИ,ГРОЦКА,2293,1
724599,МАЛА ГРАБОВНИЦА,ЛЕСКОВАЦ,211,1
707554,СУДИМЉА,БРУС,18,1
730777,ПОСТЕЊЕ,НОВИ ПАЗАР,4232,1
730785,ПРЋЕНОВА,НОВИ ПАЗАР,184,1
707589,ЧОКОТАР,БРУС,15,1
801291,ШУШАРА,ВРШАЦ,247,1
722570,ТАЧЕВАЦ,КУРШУМЛИЈА,0,1
722588,ТИЈОВАЦ,КУРШУМЛИЈА,57,1
722596,ТМАВА,КУРШУМЛИЈА,74,1
720291,ЧИБУКОВАЦ,КРАЉЕВО,1250,1
720313,ШУМАРИЦЕ,КРАЉЕВО,435,1
737933,БУКОВЧЕ,ЈАГОДИНА,834,1
737941,БУНАР,ЈАГОДИНА,343,1
737950,ВИНОРАЧА,ЈАГОДИНА,1084,1
738905,ЛАЛИНАЦ,СВРЉИГ,192,1
738913,ЛОЗАН,СВРЉИГ,74,1
738921,ЛУКОВО,СВРЉИГ,64,1
738930,МАНОЈЛИЦА,СВРЉИГ,96,1
738948,МЕРЏЕЛАТ,СВРЉИГ,85,1
737313,ОРАХОВО,РАШКА,8,1
737356,ПЛАВКОВО,РАШКА,56,1
737399,ПОКРВЕНИК,РАШКА,0,1
801577,КЛЕК,ЗРЕЊАНИН,2237,1
737470,СЕБИМИЉЕ,РАШКА,37,1
741108,ВЛАСИНА РИД,СУРДУЛИЦА,100,1
741116,ВЛАСИНА СТОЈКОВИЋЕВА,СУРДУЛИЦА,104,1
741124,ВУЧАДЕЛЦЕ,СУРДУЛИЦА,2,1
741132,ГОРЊЕ РОМАНОВЦЕ,СУРДУЛИЦА,9,1
741159,ГРОЗНАТОВЦИ,СУРДУЛИЦА,6,1
741167,ДАЊИНО СЕЛО,СУРДУЛИЦА,52,1
741175,ДИКАВА,СУРДУЛИЦА,73,1
741183,ДОЊЕ РОМАНОВЦЕ,СУРДУЛИЦА,382,1
736902,БЕЛО ПОЉЕ,РАШКА,10,1
802255,КОВАЧИЦА,КОВАЧИЦА,5398,1
735574,ГОРЊА РЕЧИЦА,ПРОКУПЉЕ,74,1
735582,ГОРЊА СТРАЖАВА,ПРОКУПЉЕ,584,1
735604,ГОРЊА ТОПОНИЦА,ПРОКУПЉЕ,40,1
735612,ГОРЊА ТРНАВА,ПРОКУПЉЕ,225,1
741191,ДРАЈИНЦИ,СУРДУЛИЦА,28,1
741205,ДУГИ ДЕЛ,СУРДУЛИЦА,10,1
741213,ДУГОЈНИЦА,СУРДУЛИЦА,201,1
741221,ЗАГУЖАЊЕ,СУРДУЛИЦА,925,1
800376,НОВА ГАЈДОБРА,БАЧКА ПАЛАНКА,1016,1
725510,КРАЈИШНИЦИ,ЛОЗНИЦА,850,1
720755,ВЕЛИКО КРУШИНЦЕ,КРУШЕВАЦ,64,1
732109,БЕРИЛОВАЦ,ПИРОТ,1660,1
719919,МЛАНЧА,КРАЉЕВО,107,1
719927,МРСАЋ,КРАЉЕВО,1123,1
737496,СУПЊЕ,РАШКА,4053,1
737500,ТИОЏЕ,РАШКА,23,1
737518,ТРНАВА,РАШКА,168,1
737526,ЦРНА ГЛАВА,РАШКА,103,1
737542,БАРЕ,РЕКОВАЦ,50,1
737569,БЕЛУШИЋ,РЕКОВАЦ,588,1
737577,БЕОЧИЋ,РЕКОВАЦ,288,1
737585,БОГАЛИНАЦ,РЕКОВАЦ,78,1
737593,БРАЈНОВАЦ,РЕКОВАЦ,155,1
737607,ВЕЛИКА КРУШЕВИЦА,РЕКОВАЦ,178,1
737615,ВУКМАНОВАЦ,РЕКОВАЦ,265,1
737623,ДОБРОСЕЛИЦА,РЕКОВАЦ,2,1
737631,ДРАГОВО,РЕКОВАЦ,679,1
717673,КРЕНТА,КЊАЖЕВАЦ,36,1
717681,ЛЕПЕНА,КЊАЖЕВАЦ,75,1
717690,ЛОКВА,КЊАЖЕВАЦ,18,1
717703,МАЊИНАЦ,КЊАЖЕВАЦ,36,1
717711,МИЉКОВАЦ,КЊАЖЕВАЦ,37,1
717720,МИНИЋЕВО,КЊАЖЕВАЦ,519,1
717738,МУЧИБАБА,КЊАЖЕВАЦ,34,1
800406,ПИВНИЦЕ,БАЧКА ПАЛАНКА,2812,1
736937,БИЉАНОВАЦ,РАШКА,468,1
721000,ЈОШЈЕ,КРУШЕВАЦ,196,1
704687,ЈАСЕНАК,ОБРЕНОВАЦ,628,1
704695,КОНАТИЦЕ,ОБРЕНОВАЦ,699,1
704709,КРТИНСКА,ОБРЕНОВАЦ,951,1
717754,ОРЕШАЦ,КЊАЖЕВАЦ,200,1
721433,РИБАРСКА БАЊА,КРУШЕВАЦ,109,1
803189,ДЕЧ,ПЕЋИНЦИ,1404,1
717860,РАВНО БУЧЈЕ,КЊАЖЕВАЦ,3,1
803251,ПЕЋИНЦИ,ПЕЋИНЦИ,2448,1
718416,БРЕСНИЦА,КОЦЕЉЕВА,128,1
718424,ГАЛОВИЋ,КОЦЕЉЕВА,163,1
722006,ЗЕБИЦА,КУРШУМЛИЈА,23,1
722014,ИВАН КУЛА,КУРШУМЛИЈА,22,1
722022,ИГРИШТЕ,КУРШУМЛИЈА,15,1
722049,КАСТРАТ,КУРШУМЛИЈА,190,1
724793,ПАДЕЖ,ЛЕСКОВАЦ,14,1
721654,ШОГОЉ,КРУШЕВАЦ,113,1
721697,БАРЛОВО,КУРШУМЛИЈА,178,1
736988,БРВЕНИК,РАШКА,43,1
700649,АЛЕКСИНАЧКИ РУДНИК,АЛЕКСИНАЦ,1014,1
721743,ВАСИЉЕВАЦ,КУРШУМЛИЈА,2,1
721751,ВЕЛИКО ПУПАВЦЕ,КУРШУМЛИЈА,21,1
721760,ВИСОКА,КУРШУМЛИЈА,76,1
721786,ВРЕЛО,КУРШУМЛИЈА,23,1
721794,ВРШЕВАЦ,КУРШУМЛИЈА,47,1
721808,ВУКОЈЕВАЦ,КУРШУМЛИЈА,0,1
721816,ГОРЊА МИКУЉАНА,КУРШУМЛИЈА,108,1
721824,ГОРЊЕ ТОЧАНЕ,КУРШУМЛИЈА,3,1
722120,КУТЛОВО,КУРШУМЛИЈА,13,1
727172,МАЛО ГРАДИШТЕ,МАЛО ЦРНИЋЕ,246,1
723380,МАЛО ВОЈЛОВЦЕ,ЛЕБАНЕ,154,1
723398,НОВА ТОПОЛА,ЛЕБАНЕ,59,1
715026,ИЗВАРИЦА,ЖАГУБИЦА,243,1
723401,НОВО СЕЛО,ЛЕБАНЕ,101,1
723410,ПЕРТАТЕ,ЛЕБАНЕ,1207,1
723487,РАДИНОВАЦ,ЛЕБАНЕ,43,1
700878,ГРЕДЕТИН,АЛЕКСИНАЦ,448,1
700886,ГРЕЈАЧ,АЛЕКСИНАЦ,511,1
700894,ДАШНИЦА,АЛЕКСИНАЦ,69,1
700908,ДЕЛИГРАД,АЛЕКСИНАЦ,120,1
700916,ДОБРУЈЕВАЦ,АЛЕКСИНАЦ,239,1
701041,КОПРИВНИЦА,АЛЕКСИНАЦ,130,1
701050,КОРМАН,АЛЕКСИНАЦ,554,1
701068,КРАЉЕВО,АЛЕКСИНАЦ,681,1
701076,КРУШЈЕ,АЛЕКСИНАЦ,241,1
701084,КУЛИНА,АЛЕКСИНАЦ,417,1
701092,ЛИПОВАЦ,АЛЕКСИНАЦ,249,1
701106,ЛОЗНАЦ,АЛЕКСИНАЦ,99,1
701114,ЛОЋИКА,АЛЕКСИНАЦ,240,1
800465,БАЈША,БАЧКА ТОПОЛА,1941,1
804363,БЕЛЕГИШ,СТАРА ПАЗОВА,2535,1
723983,ГОРЊА СЛАТИНА,ЛЕСКОВАЦ,147,1
701289,СРЕЗОВАЦ,АЛЕКСИНАЦ,149,1
701297,СТАНЦИ,АЛЕКСИНАЦ,128,1
701319,СТУБЛИНА,АЛЕКСИНАЦ,134,1
701327,СУБОТИНАЦ,АЛЕКСИНАЦ,726,1
701335,ТЕШИЦА,АЛЕКСИНАЦ,1441,1
701343,ТРЊАНЕ,АЛЕКСИНАЦ,1059,1
738433,ТРНАВА,ЈАГОДИНА,2394,1
746711,ЧУКА,ЦРНА ТРАВА,8,1
746720,БУКОВИЦА,ИВАЊИЦА,1478,1
746738,МРАМОРСКО БРДО,МЕРОШИНА,216,1
800520,ЗОБНАТИЦА,БАЧКА ТОПОЛА,148,1
738506,ВРЛАНЕ,СВИЛАЈНАЦ,144,1
801054,ВЛАЈКОВАЦ,ВРШАЦ,968,1
746754,БЕЉИНА,ЧАЧАК,945,1
746797,ТИКВА,НОВА ВАРОШ,44,1
746819,МАЛИ МИРАШЕВАЦ,РАЧА,75,1
791016,БЕОГРАД (ВОЖДОВАЦ),ВОЖДОВАЦ,155909,1
801216,ПАВЛИШ,ВРШАЦ,1984,1
801259,РИТИШЕВО,ВРШАЦ,436,1
734233,ПРИБОЈ,ПРИБОЈ,13172,1
734241,ПРИБОЈСКА ГОЛЕША,ПРИБОЈ,54,1
734250,ПРИБОЈСКЕ ЧЕЛИЦЕ,ПРИБОЈ,87,1
734268,РАЧА,ПРИБОЈ,1691,1
800554,КРИВАЈА,БАЧКА ТОПОЛА,365,1
743399,ГЛУХАВИЦА,ТУТИН,194,1
804673,СИРИГ,ТЕМЕРИН,2705,1
735221,ЧАУШЕВИЋИ,ПРИЈЕПОЉЕ,91,1
735230,ЏУРОВО,ПРИЈЕПОЉЕ,56,1
735248,АРБАНАШКА,ПРОКУПЉЕ,8,1
735256,БАБИН ПОТОК,ПРОКУПЉЕ,547,1
801305,ГОСПОЂИНЦИ,ЖАБАЉ,3545,1
736996,БРВЕНИК НАСЕЉЕ,РАШКА,372,1
737020,ВОЈМИЛОВИЋИ,РАШКА,51,1
702323,РАДОШЕВАЦ,БАБУШНИЦА,109,1
702331,РАКИТА,БАБУШНИЦА,160,1
702340,РАКОВ ДОЛ,БАБУШНИЦА,2,1
727474,МАЛА БРАИНА,МЕДВЕЂА,10,1
727482,МАРОВАЦ,МЕДВЕЂА,42,1
727504,МАЋЕДОНЦЕ,МЕДВЕЂА,124,1
727580,ПОРОШТИЦА,МЕДВЕЂА,25,1
727598,ПУСТО ШИЛОВО,МЕДВЕЂА,39,1
727601,РАВНА БАЊА,МЕДВЕЂА,186,1
727610,РЕТКОЦЕР,МЕДВЕЂА,55,1
727628,РУЈКОВАЦ,МЕДВЕЂА,137,1
737151,КАРАДАК,РАШКА,59,1
800562,МАЛИ БЕОГРАД,БАЧКА ТОПОЛА,346,1
707791,ДРЕЖНИЦА,БУЈАНОВАЦ,83,1
702358,РАЉИН,БАБУШНИЦА,4,1
702366,РЕСНИК,БАБУШНИЦА,98,1
702374,СТОЛ,БАБУШНИЦА,136,1
702382,СТРЕЛАЦ,БАБУШНИЦА,106,1
702404,СТУДЕНА,БАБУШНИЦА,58,1
702412,СУРАЧЕВО,БАБУШНИЦА,316,1
737267,ЛУКОВО,РАШКА,7,1
727636,СВИРЦЕ,МЕДВЕЂА,76,1
727644,СИЈАРИНА,МЕДВЕЂА,217,1
707805,ЂОРЂЕВАЦ,БУЈАНОВАЦ,3,1
707872,КЛЕНИКЕ,БУЈАНОВАЦ,150,1
707899,КЛИНОВАЦ,БУЈАНОВАЦ,405,1
707902,КОНЧУЉ,БУЈАНОВАЦ,1227,1
707929,КОШАРНО,БУЈАНОВАЦ,74,1
707937,КРШЕВИЦА,БУЈАНОВАЦ,409,1
707945,КУШТИЦА,БУЈАНОВАЦ,81,1
707953,ЛЕВОСОЈЕ,БУЈАНОВАЦ,746,1
707961,ЛЕТОВИЦА,БУЈАНОВАЦ,1345,1
707970,ЛОПАРДИНЦЕ,БУЈАНОВАЦ,691,1
707988,ЛУКАРЦЕ,БУЈАНОВАЦ,5,1
707996,ЛУЧАНЕ,БУЈАНОВАЦ,1074,1
708003,ЉИЉАНЦЕ,БУЈАНОВАЦ,440,1
708011,МАЛИ ТРНОВАЦ,БУЈАНОВАЦ,251,1
708020,МУХОВАЦ,БУЈАНОВАЦ,693,1
703419,ТОПОНИЦА,БЕЛА ПАЛАНКА,15,1
722235,МАЧЈА СТЕНА,КУРШУМЛИЈА,4,1
703460,ШЉИВОВИК,БЕЛА ПАЛАНКА,68,1
703478,ШПАЈ,БЕЛА ПАЛАНКА,6,1
703486,АРНАЈЕВО,БАРАЈЕВО,666,1
703494,БАРАЈЕВО,БАРАЈЕВО,8967,1
722316,НОВО СЕЛО,КУРШУМЛИЈА,41,1
703630,ЗУЦЕ,ВОЖДОВАЦ,1915,1
722324,ОРЛОВАЦ,КУРШУМЛИЈА,8,1
722405,ПРЕВЕТИЦА,КУРШУМЛИЈА,7,1
722413,ПРЕКОРАЂА,КУРШУМЛИЈА,3,1
703869,ДОБАНОВЦИ,СУРЧИН,7705,1
703877,ЈАКОВО,СУРЧИН,6534,1
704016,ВРЕОЦИ,ЛАЗАРЕВАЦ,445,1
722421,ПРОЛОМ,КУРШУМЛИЈА,79,1
737283,МУРЕ,РАШКА,86,1
722812,МАЛА БРЕСНИЦА,КУЧЕВО,63,1
722847,МУСТАПИЋ,КУЧЕВО,507,1
722855,НЕРЕСНИЦА,КУЧЕВО,1464,1
704083,КРУШЕВИЦА,ЛАЗАРЕВАЦ,472,1
704091,ЛАЗАРЕВАЦ,ЛАЗАРЕВАЦ,27635,1
715263,ГРУДАШ,ЖИТОРАЂА,145,1
722871,РАВНИШТЕ,КУЧЕВО,81,1
739979,РАСТЕНОВИЋЕ,СЈЕНИЦА,101,1
801232,ПОТПОРАЊ,ВРШАЦ,211,1
708038,НЕГОВАЦ,БУЈАНОВАЦ,0,1
708046,НЕСАЛЦЕ,БУЈАНОВАЦ,1002,1
740462,РАЉА,СМЕДЕРЕВО,1114,1
708348,БОГАТИЋ,ВАЉЕВО,81,1
735655,ГРАБОВАЦ,ПРОКУПЉЕ,3,1
735663,ГУБЕТИН,ПРОКУПЉЕ,138,1
724874,ПРЕДЕЈАНЕ (СЕЛО),ЛЕСКОВАЦ,297,1
733172,ВИСИБАБА,ПОЖЕГА,1119,1
708356,БРАНГОВИЋ,ВАЉЕВО,94,1
721042,КОБИЉЕ,КРУШЕВАЦ,537,1
721336,ПАДЕЖ,КРУШЕВАЦ,613,1
721344,ПАКАШНИЦА,КРУШЕВАЦ,2071,1
721352,ПАРУНОВАЦ,КРУШЕВАЦ,1809,1
708399,БУЈАЧИЋ,ВАЉЕВО,397,1
708402,ВАЉЕВО,ВАЉЕВО,56059,1
704512,СЕНАЈА,МЛАДЕНОВАЦ,385,1
729167,ДОЊИ КОМРЕН,ЦРВЕНИ КРСТ,1587,2
729175,ДОЊИ МАТЕЈЕВАЦ,ПАНТЕЛЕЈ,875,2
724190,ДОЊЕ БРИЈАЊЕ,ЛЕСКОВАЦ,1002,1
724203,ДОЊЕ КРАЈИНЦЕ,ЛЕСКОВАЦ,655,1
740543,УДОВИЦЕ,СМЕДЕРЕВО,1764,1
708429,ВЕСЕЛИНОВАЦ,ВАЉЕВО,170,1
740675,МАЛА ПЛАНА,СМЕДЕРЕВСКА ПАЛАНКА,660,1
740683,МРАМОРАЦ,СМЕДЕРЕВСКА ПАЛАНКА,431,1
708437,ВЛАШЧИЋ,ВАЉЕВО,36,1
730734,ПОЖЕЖИНА,НОВИ ПАЗАР,78,1
739669,КАМЕШНИЦА,СЈЕНИЦА,297,1
739677,КАЊЕВИНА,СЈЕНИЦА,42,1
739693,КИЈЕВЦИ,СЈЕНИЦА,140,1
708526,ДИВЦИ,ВАЉЕВО,541,1
708577,ДРАЧИЋ,ВАЉЕВО,249,1
708593,ЖАБАРИ,ВАЉЕВО,365,1
720089,РЕКА,КРАЉЕВО,94,1
800287,ПЛАВНА,БАЧ,922,1
728390,САНКОВИЋ,МИОНИЦА,169,1
728403,СТРУГАНИК,МИОНИЦА,144,1
728411,ТАБАНОВИЋ,МИОНИЦА,271,1
728420,ТОДОРИН ДО,МИОНИЦА,122,1
728438,ТОЛИЋ,МИОНИЦА,339,1
728446,ШУШЕОКА,МИОНИЦА,184,1
728454,БРАЋЕВАЦ,НЕГОТИН,199,1
728462,БРЕСТОВАЦ,НЕГОТИН,131,1
728489,БУКОВЧЕ,НЕГОТИН,928,1
728497,ВЕЉКОВО,НЕГОТИН,92,1
728519,ВИДРОВАЦ,НЕГОТИН,618,1
728527,ВРАТНА,НЕГОТИН,159,1
728535,ДУПЉАНЕ,НЕГОТИН,309,1
728543,ДУШАНОВАЦ,НЕГОТИН,548,1
728551,АЛЕКСАНДРОВАЦ,НЕГОТИН,252,1
728560,ЈАБУКОВАЦ,НЕГОТИН,940,1
740691,ПРИДВОРИЦЕ,СМЕДЕРЕВСКА ПАЛАНКА,687,1
740845,ЈЕЗЕРО,СОКОБАЊА,219,1
740853,ЈОШАНИЦА,СОКОБАЊА,499,1
730319,ДРАГОЧЕВО,НОВИ ПАЗАР,49,1
736309,СРЕДЊИ СТАТОВАЦ,ПРОКУПЉЕ,11,1
734403,БЈЕЛАХОВА,ПРИЈЕПОЉЕ,42,1
719714,КРАЉЕВО,КРАЉЕВО,57432,1
728632,МИЛОШЕВО,НЕГОТИН,316,1
728659,МИХАЈЛОВАЦ,НЕГОТИН,268,1
725951,ЂЕРАЂ,ЛУЧАНИ,32,1
725978,ЗЕОКЕ,ЛУЧАНИ,133,1
725986,КАОНА,ЛУЧАНИ,292,1
725994,КОТРАЖА,ЛУЧАНИ,706,1
734411,БРАЈКОВАЦ,ПРИЈЕПОЉЕ,26,1
734420,БРВИНЕ,ПРИЈЕПОЉЕ,77,1
734438,БРОДАРЕВО,ПРИЈЕПОЉЕ,1710,1
734446,БУКОВИК,ПРИЈЕПОЉЕ,44,1
734454,ВИНИЦКА,ПРИЈЕПОЉЕ,319,1
734462,ВРБОВО,ПРИЈЕПОЉЕ,20,1
734489,ГОЈАКОВИЋИ,ПРИЈЕПОЉЕ,80,1
736708,ВЕЛИКО КРЧМАРЕ,РАЧА,613,1
736716,ВИШЕВАЦ,РАЧА,514,1
722952,ШЕВИЦА,КУЧЕВО,415,1
722979,БАЈЕВАЦ,ЛАЈКОВАЦ,446,1
719749,ЛАЂЕВЦИ,КРАЉЕВО,799,1
719757,ЛАЗАЦ,КРАЉЕВО,506,1
726001,КРИВАЧА,ЛУЧАНИ,144,1
726010,КРСТАЦ,ЛУЧАНИ,467,1
726028,ЛИС,ЛУЧАНИ,140,1
726036,ЛИСИЦЕ,ЛУЧАНИ,383,1
728268,МИОНИЦА (ВАРОШИЦА),МИОНИЦА,1590,1
704822,ТРСТЕНИЦА,ОБРЕНОВАЦ,695,1
704849,УРОВЦИ,ОБРЕНОВАЦ,1320,1
704857,УШЋЕ,ОБРЕНОВАЦ,893,1
715433,РЕЧИЦА,ЖИТОРАЂА,772,1
715441,САМАРИНОВАЦ,ЖИТОРАЂА,603,1
715450,ИЗВОР,ЖИТОРАЂА,343,1
715468,СТАРА БОЖУРНА,ЖИТОРАЂА,266,1
715476,СТАРО МОМЧИЛОВО,ЖИТОРАЂА,74,1
715484,СТУДЕНАЦ,ЖИТОРАЂА,179,1
728292,НАНОМИР,МИОНИЦА,171,1
719811,МАТАРУШКА БАЊА,КРАЉЕВО,2432,1
728373,РАКАРИ,МИОНИЦА,342,1
728381,РОБАЈЕ,МИОНИЦА,270,1
714127,РЕСАВИЦА (СЕЛО),ДЕСПОТОВАЦ,105,1
714135,СЕЊСКИ РУДНИК,ДЕСПОТОВАЦ,291,1
734543,ГРАЧАНИЦА,ПРИЈЕПОЉЕ,169,1
720518,СТАВЕ,КРУПАЊ,311,1
720526,ТОЛИСАВАЦ,КРУПАЊ,389,1
720534,ТОМАЊ,КРУПАЊ,303,1
720542,ЦВЕТУЉА,КРУПАЊ,171,1
720569,ЦЕРОВА,КРУПАЊ,747,1
720593,БЕЛА ВОДА,КРУШЕВАЦ,1059,1
714216,БАЧЕВО,ДИМИТРОВГРАД,6,1
714224,БИЛО,ДИМИТРОВГРАД,1,1
802956,БАЧКИ ГРАЧАЦ,ОЏАЦИ,1826,1
743224,БАТРАГЕ,ТУТИН,121,1
714283,ВЛКОВИЈА,ДИМИТРОВГРАД,5,1
714291,ВРАПЧА,ДИМИТРОВГРАД,3,1
714305,ГОЈИН ДОЛ,ДИМИТРОВГРАД,178,1
714313,ГОРЊА НЕВЉА,ДИМИТРОВГРАД,10,1
714321,ГОРЊИ КРИВОДОЛ,ДИМИТРОВГРАД,3,1
714330,ГРАДИЊЕ,ДИМИТРОВГРАД,128,1
714348,ГРАПА,ДИМИТРОВГРАД,3,1
714356,ГУЛЕНОВЦИ,ДИМИТРОВГРАД,17,1
741876,СТАПАРИ,УЖИЦЕ,718,1
715395,ЛУКОМИР,ЖИТОРАЂА,704,1
715409,НОВО МОМЧИЛОВО,ЖИТОРАЂА,39,1
715417,ПЕЈКОВАЦ,ЖИТОРАЂА,1085,1
715425,ПОДИНА,ЖИТОРАЂА,612,1
800694,БАЧКИ ПЕТРОВАЦ,БАЧКИ ПЕТРОВАЦ,5227,1
719935,МУСИНА РЕКА,КРАЉЕВО,218,1
720003,ПЛАНА,КРАЉЕВО,4,1
803570,КРАЉЕВЦИ,РУМА,906,1
802425,КРУШЧИЋ,КУЛА,1468,1
802441,ЛИПАР,КУЛА,1144,1
802964,БОГОЈЕВО,ОЏАЦИ,1245,1
723355,ЛЕБАНЕ,ЛЕБАНЕ,8025,1
802468,РУСКИ КРСТУР,КУЛА,3846,1
800708,ГЛОЖАН,БАЧКИ ПЕТРОВАЦ,1706,1
802476,СИВАЦ,КУЛА,6716,1
715786,МАЛА ЈАСИКОВА,ЗАЈЕЧАР,167,1
715794,МАЛИ ИЗВОР,ЗАЈЕЧАР,272,1
715808,МАЛИ ЈАСЕНОВАЦ,ЗАЈЕЧАР,130,1
715816,МАРИНОВАЦ,ЗАЈЕЧАР,126,1
715824,МЕТРИШ,ЗАЈЕЧАР,145,1
802484,ЦРВЕНКА,КУЛА,7232,1
802492,ЛОВЋЕНАЦ,МАЛИ ИЂОШ,2585,1
743208,АРАПОВИЋЕ,ТУТИН,73,1
716898,ГРУЖА,КНИЋ,123,1
716901,ГУБЕРЕВАЦ,КНИЋ,510,1
743216,БАЉЕН,ТУТИН,65,1
743267,БЛАЦА,ТУТИН,15,1
803006,ЛАЛИЋ,ОЏАЦИ,1085,1
717134,ТОПОНИЦА,КНИЋ,263,1
717142,ЧЕСТИН,КНИЋ,534,1
717169,АЛДИНА РЕКА,КЊАЖЕВАЦ,1,1
717177,АЛДИНАЦ,КЊАЖЕВАЦ,8,1
717185,БАЛАНОВАЦ,КЊАЖЕВАЦ,185,1
743291,БРАЋАК,ТУТИН,165,1
705853,ГОРЊЕ КОЊУВЦЕ,БОЈНИК,97,1
705861,ГРАНИЦА,БОЈНИК,67,1
705870,ДОБРА ВОДА,БОЈНИК,14,1
705888,ДОЊЕ КОЊУВЦЕ,БОЈНИК,361,1
705896,ДРАГОВАЦ,БОЈНИК,727,1
705900,ДУБРАВА,БОЈНИК,21,1
705918,ЂИНЂУША,БОЈНИК,463,1
705926,ЗЕЛЕТОВО,БОЈНИК,63,1
727253,ШАПИНЕ,МАЛО ЦРНИЋЕ,675,1
727296,ВАРАДИН,МЕДВЕЂА,47,1
743305,БРЕГОВИ,ТУТИН,42,1
707660,БРАТОСЕЛЦЕ,БУЈАНОВАЦ,23,1
707678,БРЕЗНИЦА,БУЈАНОВАЦ,1458,1
707686,БРЊАРЕ,БУЈАНОВАЦ,51,1
707694,БУЈАНОВАЦ,БУЈАНОВАЦ,11468,1
707708,БУШТРАЊЕ,БУЈАНОВАЦ,26,1
707716,ВЕЛИКИ ТРНОВАЦ,БУЈАНОВАЦ,7894,1
707724,ВОГАНЦЕ,БУЈАНОВАЦ,8,1
707732,ВРБАН,БУЈАНОВАЦ,69,1
707759,НОВО СЕЛО,БУЈАНОВАЦ,538,1
737003,БРВЕНИЦА,РАШКА,178,1
737011,ВАРЕВО,РАШКА,1382,1
743321,БУЈКОВИЋЕ,ТУТИН,84,1
728918,БЕРЧИНАЦ,ЦРВЕНИ КРСТ,121,2
728926,БРЕНИЦА,ПАНТЕЛЕЈ,428,2
728934,БРЗИ БРОД,МЕДИЈАНА,4643,2
728942,БУБАЊ,ПАЛИЛУЛА (НИШ),525,2
728969,ВЕЛЕ ПОЉЕ,ЦРВЕНИ КРСТ,337,2
728985,ВРТИШТЕ,ЦРВЕНИ КРСТ,1150,2
728993,ВУКМАНОВО,ПАЛИЛУЛА (НИШ),272,2
729019,ГАБРОВАЦ,ПАЛИЛУЛА (НИШ),1127,2
729027,ГОРЊА ВРЕЖИНА,ПАНТЕЛЕЈ,1019,2
729035,ГОРЊА СТУДЕНА,НИШКА БАЊА,219,2
729043,ГОРЊА ТОПОНИЦА,ЦРВЕНИ КРСТ,910,2
743348,ВЕСЕНИЋЕ,ТУТИН,517,1
801453,ТОРДА,ЖИТИШТЕ,1041,1
743356,ВРАПЧЕ,ТУТИН,34,1
729051,ГОРЊА ТРНАВА,ЦРВЕНИ КРСТ,237,2
729060,ГОРЊЕ МЕЂУРОВО,ПАЛИЛУЛА (НИШ),919,2
729078,ГОРЊИ КОМРЕН,ЦРВЕНИ КРСТ,873,2
729086,ГОРЊИ МАТЕЈЕВАЦ,ПАНТЕЛЕЈ,2041,2
729094,ДОЊА ВРЕЖИНА,ПАНТЕЛЕЈ,7085,2
729108,ДОЊА СТУДЕНА,НИШКА БАЊА,218,2
729116,ДОЊА ТОПОНИЦА,ЦРВЕНИ КРСТ,271,2
729574,ТРУПАЛЕ,ЦРВЕНИ КРСТ,1960,2
729582,ХУМ,ЦРВЕНИ КРСТ,1183,2
729604,ЦЕРЈЕ,ПАНТЕЛЕЈ,150,2
729884,НОВА ВАРОШ,НОВА ВАРОШ,7542,1
729892,ОЈКОВИЦА,НОВА ВАРОШ,146,1
729906,РАДИЈЕВИЋИ,НОВА ВАРОШ,104,1
729914,РАДОИЊА,НОВА ВАРОШ,424,1
729922,РУТОШИ,НОВА ВАРОШ,489,1
729949,СЕНИШТА,НОВА ВАРОШ,130,1
729957,ТИСОВИЦА,НОВА ВАРОШ,37,1
729965,ТРУДОВО,НОВА ВАРОШ,34,1
729973,ЧЕЛИЦЕ,НОВА ВАРОШ,37,1
729981,ШТИТКОВО,НОВА ВАРОШ,62,1
729990,АЛУЛОВИЋЕ,НОВИ ПАЗАР,280,1
743372,ГЛОГОВИК,ТУТИН,242,1
802417,ШУМАРАК,КОВИН,113,1
739464,ДОЊЕ ГОРАЧИЋЕ,СЈЕНИЦА,31,1
739472,ДОЊЕ ЛОПИЖЕ,СЈЕНИЦА,63,1
743402,ГНИЛА,ТУТИН,2,1
720119,РОЋЕВИЋИ,КРАЉЕВО,291,1
720127,РУДНО,КРАЉЕВО,144,1
720135,РУДЊАК,КРАЉЕВО,91,1
720143,САВОВО,КРАЉЕВО,34,1
720151,САМАИЛА,КРАЉЕВО,1228,1
720160,СИБНИЦА,КРАЉЕВО,144,1
720178,СИРЧА,КРАЉЕВО,1042,1
720186,СТАНЧА,КРАЉЕВО,44,1
720194,СТУБАЛ,КРАЉЕВО,1007,1
720208,ТАВНИК,КРАЉЕВО,955,1
720216,ТАДЕЊЕ,КРАЉЕВО,39,1
720224,ТЕПЕЧЕ,КРАЉЕВО,61,1
720232,ТОЛИШНИЦА,КРАЉЕВО,90,1
720259,ТРГОВИШТЕ,КРАЉЕВО,9,1
737640,ЖУПАЊЕВАЦ,РЕКОВАЦ,314,1
737658,КАВАДАР,РЕКОВАЦ,311,1
737747,МАЛЕШЕВО,РЕКОВАЦ,102,1
737755,МОТРИЋ,РЕКОВАЦ,100,1
714046,МИЛИВА,ДЕСПОТОВАЦ,793,1
802131,БАШАИД,КИКИНДА,2580,1
714054,ПАЊЕВАЦ,ДЕСПОТОВАЦ,356,1
714062,ПЛАЖАНЕ,ДЕСПОТОВАЦ,1036,1
714089,ПОПОВЊАК,ДЕСПОТОВАЦ,216,1
728276,МИОНИЦА (СЕЛО),МИОНИЦА,1526,1
728284,МРАТИШИЋ,МИОНИЦА,210,1
714097,РАВНА РЕКА,ДЕСПОТОВАЦ,180,1
714119,РЕСАВИЦА,ДЕСПОТОВАЦ,1568,1
741884,СТРМАЦ,УЖИЦЕ,164,1
741892,УЖИЦЕ,УЖИЦЕ,48539,1
741906,ТРНАВА,УЖИЦЕ,317,1
741914,БЕЛОСАВЦИ,ТОПОЛА,843,1
741922,БЛАЗНАВА,ТОПОЛА,409,1
741949,БОЖУРЊА,ТОПОЛА,515,1
741957,ВИНЧА,ТОПОЛА,968,1
741965,ВОЈКОВЦИ,ТОПОЛА,166,1
741973,ГОРЊА ТРНАВА,ТОПОЛА,1353,1
741981,ГОРЊА ШАТОРЊА,ТОПОЛА,414,1
741990,ГОРОВИЧ,ТОПОЛА,219,1
742007,ГУРИШЕВЦИ,ТОПОЛА,86,1
742015,ДОЊА ТРЕШЊЕВИЦА,ТОПОЛА,231,1
802140,ИЂОШ,КИКИНДА,1520,1
742040,ЖАБАРЕ,ТОПОЛА,764,1
742058,ЗАГОРИЦА,ТОПОЛА,522,1
742066,ЈАРМЕНОВЦИ,ТОПОЛА,318,1
742074,ЈЕЛЕНАЦ,ТОПОЛА,266,1
742082,ЈУНКОВАЦ,ТОПОЛА,639,1
742104,КЛОКА,ТОПОЛА,771,1
803014,ОЏАЦИ,ОЏАЦИ,7556,1
803383,ЈЕРМЕНОВЦИ,ПЛАНДИШТЕ,614,1
802182,НОВИ КОЗАРЦИ,КИКИНДА,1475,1
715948,ШИПИКОВО,ЗАЈЕЧАР,202,1
715956,ШЉИВАР,ЗАЈЕЧАР,212,1
715964,БЕДИНА ВАРОШ,ИВАЊИЦА,1630,1
715972,БРАТЉЕВО,ИВАЊИЦА,87,1
741078,БИТВРЂА,СУРДУЛИЦА,5,1
741086,БОЖИЦА,СУРДУЛИЦА,130,1
741094,ВЛАСИНА ОКРУГЛИЦА,СУРДУЛИЦА,91,1
802808,КОВИЉ,НОВИ САД,5151,1
802204,РУСКО СЕЛО,КИКИНДА,2146,1
724980,СЛАВУЈЕВЦЕ,ЛЕСКОВАЦ,330,1
724998,СЛАТИНА,ЛЕСКОВАЦ,386,1
725005,СМРДАН,ЛЕСКОВАЦ,90,1
710016,НОВО СЕЛО,ВЛАДИМИРЦИ,76,1
710067,СКУПЉЕН,ВЛАДИМИРЦИ,709,1
802212,САЈАН,КИКИНДА,880,1
710075,СУВО СЕЛО,ВЛАДИМИРЦИ,252,1
710083,ТРБУШАЦ,ВЛАДИМИРЦИ,279,1
710091,БАЛИНОВЦЕ,ВЛАДИЧИН ХАН,118,1
710105,БАЧВИШТЕ,ВЛАДИЧИН ХАН,23,1
710113,БЕЛАНОВЦЕ,ВЛАДИЧИН ХАН,15,1
710121,БЕЛИШЕВО,ВЛАДИЧИН ХАН,29,1
710130,БОГОШЕВО,ВЛАДИЧИН ХАН,75,1
710148,БРЕСТОВО,ВЛАДИЧИН ХАН,56,1
710156,ВЛАДИЧИН ХАН,ВЛАДИЧИН ХАН,7343,1
710164,ВРБОВО,ВЛАДИЧИН ХАН,233,1
710172,ГАРИЊЕ,ВЛАДИЧИН ХАН,366,1
710199,ГОРЊЕ ЈАБУКОВО,ВЛАДИЧИН ХАН,64,1
710202,ГРАМАЂЕ,ВЛАДИЧИН ХАН,156,1
710229,ДЕКУТИНЦЕ,ВЛАДИЧИН ХАН,206,1
710237,ДОЊЕ ЈАБУКОВО,ВЛАДИЧИН ХАН,52,1
710539,РАВНА РЕКА,ВЛАДИЧИН ХАН,38,1
718564,ЋУКОВИНЕ,КОЦЕЉЕВА,222,1
802263,ПАДИНА,КОВАЧИЦА,4774,1
720895,ДЕДИНА,КРУШЕВАЦ,2380,1
720909,ДОБРОМИР,КРУШЕВАЦ,113,1
720917,ДОЉАНЕ,КРУШЕВАЦ,163,1
737968,ВОЉАВЧЕ,ЈАГОДИНА,1703,1
737976,ВРАНОВАЦ,ЈАГОДИНА,113,1
737984,ВРБА,ЈАГОДИНА,149,1
802280,САМОШ,КОВАЧИЦА,825,1
737992,ГЛАВИНЦИ,ЈАГОДИНА,410,1
738000,ГЛОГОВАЦ,ЈАГОДИНА,1102,1
738018,ГОРЊЕ ШТИПЉЕ,ЈАГОДИНА,83,1
738026,ГОРЊИ РАЧНИК,ЈАГОДИНА,62,1
738034,ДЕОНИЦА,ЈАГОДИНА,524,1
738042,ДОБРА ВОДА,ЈАГОДИНА,311,1
738069,ДОЊЕ ШТИПЉЕ,ЈАГОДИНА,158,1
738077,ДОЊИ РАЧНИК,ЈАГОДИНА,403,1
738085,ДРАГОЦВЕТ,ЈАГОДИНА,978,1
738093,ДРАГОШЕВАЦ,ЈАГОДИНА,346,1
738107,ДРАЖМИРОВАЦ,ЈАГОДИНА,311,1
738115,ДУБОКА,ЈАГОДИНА,439,1
738123,ИВКОВАЧКИ ПРЊАВОР,ЈАГОДИНА,77,1
738131,ЈОШАНИЧКИ ПРЊАВОР,ЈАГОДИНА,18,1
729159,ДОЊЕ МЕЂУРОВО,ПАЛИЛУЛА (НИШ),1572,2
725137,ЧЕКМИН,ЛЕСКОВАЦ,732,1
802301,ЦРЕПАЈА,КОВАЧИЦА,3866,1
725145,ЧИФЛУК РАЗГОЈНСКИ,ЛЕСКОВАЦ,239,1
725153,ЧУКЉЕНИК,ЛЕСКОВАЦ,440,1
725161,ШАИНОВАЦ,ЛЕСКОВАЦ,203,1
726044,ЛУЧАНИ (ВАРОШИЦА),ЛУЧАНИ,2921,1
726052,ЛУЧАНИ (СЕЛО),ЛУЧАНИ,399,1
710547,РДОВО,ВЛАДИЧИН ХАН,37,1
710555,РЕПИНЦЕ,ВЛАДИЧИН ХАН,797,1
802344,ДУБОВАЦ,КОВИН,1002,1
742864,ЛОБОДЕР,ТРСТЕНИК,15,1
740357,КОЛАРИ,СМЕДЕРЕВО,1014,1
740365,ЛАНДОЛ,СМЕДЕРЕВО,1210,1
740373,ЛИПЕ,СМЕДЕРЕВО,2727,1
740390,ЛУЊЕВАЦ,СМЕДЕРЕВО,428,1
740403,МАЛА КРСНА,СМЕДЕРЕВО,1550,1
740411,МАЛО ОРАШЈЕ,СМЕДЕРЕВО,816,1
740420,МИХАЈЛОВАЦ,СМЕДЕРЕВО,2248,1
802379,МАЛО БАВАНИШТЕ,КОВИН,228,1
801615,ЛУКИЋЕВО,ЗРЕЊАНИН,1409,1
706744,ДОЊА ЉУБАТА,БОСИЛЕГРАД,211,1
706752,ДОЊА РЖАНА,БОСИЛЕГРАД,20,1
706779,ДОЊЕ ТЛАМИНО,БОСИЛЕГРАД,90,1
706787,ДУКАТ,БОСИЛЕГРАД,116,1
718572,АЏИНЕ ЛИВАДЕ,КРАГУЈЕВАЦ,31,1
718599,БАЉКОВАЦ,КРАГУЈЕВАЦ,574,1
802395,ПЛОЧИЦА,КОВИН,1589,1
711071,САМАРНИЦА,ВЛАСОТИНЦЕ,73,1
711080,СВОЂЕ,ВЛАСОТИНЦЕ,189,1
711098,СКРАПЕЖ,ВЛАСОТИНЦЕ,104,1
711101,СРЕДОР,ВЛАСОТИНЦЕ,120,1
718629,БОТУЊЕ,КРАГУЈЕВАЦ,562,1
718637,БУКОРОВАЦ,КРАГУЈЕВАЦ,169,1
718645,ВЕЛИКА СУГУБИНА,КРАГУЈЕВАЦ,147,1
718653,ВЕЛИКЕ ПЧЕЛИЦЕ,КРАГУЈЕВАЦ,350,1
718661,ВЕЛИКИ ШЕЊ,КРАГУЈЕВАЦ,281,1
718670,ВИЊИШТЕ,КРАГУЈЕВАЦ,375,1
718688,ВЛАКЧА,КРАГУЈЕВАЦ,493,1
718696,ГОЛОЧЕЛО,КРАГУЈЕВАЦ,467,1
718700,ГОРЊА САБАНТА,КРАГУЈЕВАЦ,629,1
800716,КУЛПИН,БАЧКИ ПЕТРОВАЦ,2431,1
711136,ТЕГОШНИЦА,ВЛАСОТИНЦЕ,3,1
711179,ШИШАВЕ,ВЛАСОТИНЦЕ,949,1
711187,АЛЕКСАНДРОВАЦ,ВРАЊЕ,409,1
711195,БАБИНА ПОЉАНА,ВРАЊСКА БАЊА,6,2
711209,БАРБАРУШИНЦЕ,ВРАЊЕ,38,1
711217,БАРЕЛИЋ,ВРАЊЕ,45,1
734551,ГРОБНИЦЕ,ПРИЈЕПОЉЕ,167,1
711349,ГОЛЕМО СЕЛО,ВРАЊЕ,575,1
711357,ГОРЊА ОТУЉА,ВРАЊЕ,3,1
711365,ГОРЊЕ ЖАПСКО,ВРАЊЕ,77,1
711373,ГОРЊЕ ПУНУШЕВЦЕ,ВРАЊЕ,19,1
711381,ГОРЊЕ ТРЕБЕШИЊЕ,ВРАЊЕ,182,1
711390,ГОРЊИ НЕРАДОВАЦ,ВРАЊЕ,329,1
711403,ГРАДЊА,ВРАЊЕ,136,1
711411,ГУМЕРИШТЕ,ВРАЊЕ,1,1
711420,ДАВИДОВАЦ,ВРАЊЕ,448,1
722910,СРПЦЕ,КУЧЕВО,68,1
722928,ТУРИЈА,КУЧЕВО,293,1
722936,ЦЕРЕМОШЊА,КУЧЕВО,199,1
722944,ЦЕРОВИЦА,КУЧЕВО,266,1
739146,АЛИВЕРОВИЋЕ,СЈЕНИЦА,39,1
711454,ДОЊЕ ЖАПСКО,ВРАЊЕ,265,1
711462,ДОЊЕ ПУНУШЕВЦЕ,ВРАЊЕ,6,1
711489,ДОЊЕ ТРЕБЕШИЊЕ,ВРАЊЕ,691,1
711497,ДОЊИ НЕРАДОВАЦ,ВРАЊЕ,842,1
711519,ДРАГОБУЖДЕ,ВРАЊЕ,29,1
711527,ДРЕНОВАЦ,ВРАЊЕ,57,1
711535,ДУБНИЦА,ВРАЊЕ,654,1
711543,ДУГА ЛУКА,ВРАЊСКА БАЊА,94,2
734306,СТРМАЦ,ПРИБОЈ,96,1
734314,ХЕРЦЕГОВАЧКА ГОЛЕША,ПРИБОЈ,221,1
718718,ГОРЊЕ ГРБИЦЕ,КРАГУЈЕВАЦ,185,1
721913,ДОЊА МИКУЉАНА,КУРШУМЛИЈА,85,1
721921,ДОЊЕ ТОЧАНЕ,КУРШУМЛИЈА,43,1
721999,ЗАГРАЂЕ,КУРШУМЛИЈА,16,1
803391,КУПИНИК,ПЛАНДИШТЕ,152,1
745251,КРИВА РЕКА,ЧАЈЕТИНА,1134,1
712329,ЦРНИ ЛУГ,ВРАЊЕ,206,1
712337,ЧЕСТЕЛИН,ВРАЊЕ,0,1
724181,ДОЊА СЛАТИНА,ЛЕСКОВАЦ,196,1
724220,ДОЊЕ СТОПАЊЕ,ЛЕСКОВАЦ,971,1
724238,ДОЊЕ ТРЊАНЕ,ЛЕСКОВАЦ,223,1
724246,ДОЊИ БУНИБРОД,ЛЕСКОВАЦ,452,1
724254,ДРАШКОВАЦ,ЛЕСКОВАЦ,542,1
724262,ДРВОДЕЉА,ЛЕСКОВАЦ,187,1
724289,ДРЋЕВАЦ,ЛЕСКОВАЦ,226,1
712345,ВРАНЕШИ,ВРЊАЧКА БАЊА,1268,1
712353,ВРЊАЧКА БАЊА,ВРЊАЧКА БАЊА,9252,1
712361,ВРЊЦИ,ВРЊАЧКА БАЊА,2137,1
803227,КУПИНОВО,ПЕЋИНЦИ,1640,1
803235,ОБРЕЖ,ПЕЋИНЦИ,1218,1
724734,НОМАНИЦА,ЛЕСКОВАЦ,255,1
724742,ОРАОВИЦА (КОД ГРДЕЛИЦЕ),ЛЕСКОВАЦ,1511,1
724769,ОРАОВИЦА (КОД ЦРКОВНИЦЕ),ЛЕСКОВАЦ,39,1
724777,ОРАШАЦ,ЛЕСКОВАЦ,456,1
724785,ОРУГЛИЦА,ЛЕСКОВАЦ,51,1
800724,МАГЛИЋ,БАЧКИ ПЕТРОВАЦ,2148,1
724807,ПАЛИКУЋА,ЛЕСКОВАЦ,358,1
713180,БРЂАНИ,ГОРЊИ МИЛАНОВАЦ,848,1
713198,БРЕЗНА,ГОРЊИ МИЛАНОВАЦ,152,1
803243,ОГАР,ПЕЋИНЦИ,947,1
724823,ПЕТРОВАЦ,ЛЕСКОВАЦ,120,1
713244,ВРАЋЕВШНИЦА,ГОРЊИ МИЛАНОВАЦ,74,1
713333,ГРАБОВИЦА,ГОРЊИ МИЛАНОВАЦ,396,1
713341,ДАВИДОВИЦА,ГОРЊИ МИЛАНОВАЦ,26,1
713350,ДОЊА ВРБАВА,ГОРЊИ МИЛАНОВАЦ,413,1
713368,ДОЊА ЦРНУЋА,ГОРЊИ МИЛАНОВАЦ,208,1
713376,ДОЊИ БРАНЕТИЋИ,ГОРЊИ МИЛАНОВАЦ,71,1
713384,ДРАГОЉ,ГОРЊИ МИЛАНОВАЦ,218,1
713392,ДРЕНОВА,ГОРЊИ МИЛАНОВАЦ,139,1
724866,ПРЕДЕЈАНЕ (ВАРОШ),ЛЕСКОВАЦ,872,1
801631,МИХАЈЛОВО,ЗРЕЊАНИН,674,1
713406,ДРУЖЕТИЋИ,ГОРЊИ МИЛАНОВАЦ,410,1
724882,ПРЕСЕЧИНА,ЛЕСКОВАЦ,379,1
724904,ПРИБОЈ,ЛЕСКОВАЦ,465,1
724912,РАВНИ ДЕЛ,ЛЕСКОВАЦ,29,1
724939,РАДОЊИЦА,ЛЕСКОВАЦ,618,1
724947,РАЗГОЈНА,ЛЕСКОВАЦ,630,1
733016,КОСТОЛАЦ,КОСТОЛАЦ,8741,2
733032,МАЉУРЕВАЦ,ПОЖАРЕВАЦ,383,1
733059,НАБРЂЕ,ПОЖАРЕВАЦ,274,1
733067,ОСТРОВО,КОСТОЛАЦ,506,2
733075,ПЕТКА,КОСТОЛАЦ,990,2
733083,ПОЖАРЕВАЦ,ПОЖАРЕВАЦ,42530,1
733091,ПОЉАНА,ПОЖАРЕВАЦ,1197,1
733105,ПРУГОВО,ПОЖАРЕВАЦ,481,1
733113,РЕЧИЦА,ПОЖАРЕВАЦ,379,1
733121,СЕЛО КОСТОЛАЦ,КОСТОЛАЦ,864,2
733130,ТРЊАНЕ,ПОЖАРЕВАЦ,583,1
733148,ЋИРИКОВАЦ,ПОЖАРЕВАЦ,1098,1
733156,БАКИОНИЦА,ПОЖЕГА,710,1
733164,ВЕЛИКА ЈЕЖЕВИЦА,ПОЖЕГА,269,1
739596,ЗАБРЂЕ,СЈЕНИЦА,22,1
801666,СТАЈИЋЕВО,ЗРЕЊАНИН,1711,1
739634,ЈЕЗЕРО,СЈЕНИЦА,5,1
739642,КАЛИПОЉЕ,СЈЕНИЦА,16,1
723576,ШИЛОВО,ЛЕБАНЕ,308,1
723606,БАБИЧКО,ЛЕСКОВАЦ,176,1
739685,КАРАЈУКИЋА БУНАРИ,СЈЕНИЦА,104,1
739723,КОЗНИК,СЈЕНИЦА,35,1
800481,БАЧКИ СОКОЛАЦ,БАЧКА ТОПОЛА,379,1
739731,КОКОШИЋЕ,СЈЕНИЦА,89,1
736473,МАЂЕРЕ,РАЖАЊ,316,1
708640,ЈАСЕНИЦА,ВАЉЕВО,415,1
708658,ЈОВАЊА,ВАЉЕВО,242,1
710008,МРОВСКА,ВЛАДИМИРЦИ,305,1
739405,ГОРЊЕ ЛОПИЖЕ,СЈЕНИЦА,27,1
739413,ГОШЕВО,СЈЕНИЦА,42,1
739855,МЕЂУГОР,СЈЕНИЦА,45,1
713457,КАМЕНИЦА,ГОРЊИ МИЛАНОВАЦ,16,1
713465,КЛАТИЧЕВО,ГОРЊИ МИЛАНОВАЦ,216,1
746045,ТРБУШАНИ,ЧАЧАК,1831,1
746053,ТРНАВА,ЧАЧАК,2684,1
800759,БАНАТСКА СУБОТИЦА,БЕЛА ЦРКВА,129,1
713678,РУДНИК,ГОРЊИ МИЛАНОВАЦ,1201,1
713694,СВРАЧКОВЦИ,ГОРЊИ МИЛАНОВАЦ,360,1
713708,СЕМЕДРАЖ,ГОРЊИ МИЛАНОВАЦ,208,1
713716,СИНОШЕВИЋИ,ГОРЊИ МИЛАНОВАЦ,166,1
713724,СРЕЗОЈЕВЦИ,ГОРЊИ МИЛАНОВАЦ,251,1
713732,ТАКОВО,ГОРЊИ МИЛАНОВАЦ,355,1
713759,ТЕОЧИН,ГОРЊИ МИЛАНОВАЦ,401,1
713767,ТРУДЕЉ,ГОРЊИ МИЛАНОВАЦ,210,1
713775,УГРИНОВЦИ,ГОРЊИ МИЛАНОВАЦ,314,1
746274,КРИВАЈА,ШАБАЦ,580,1
746282,ЛИПОЛИСТ,ШАБАЦ,1883,1
746304,МАЈУР,ШАБАЦ,6664,1
719820,МЕЂУРЕЧЈЕ,КРАЉЕВО,32,1
719846,МЕТИКОШ,КРАЉЕВО,687,1
720356,БРЕЗОВИЦЕ,КРУПАЊ,584,1
720372,ВРБИЋ,КРУПАЊ,339,1
720399,ДВОРСКА,КРУПАЊ,649,1
720402,ЗАВЛАКА,КРУПАЊ,739,1
720429,КОСТАЈНИК,КРУПАЊ,770,1
720437,КРАСАВА,КРУПАЊ,447,1
720445,КРЖАВА,КРУПАЊ,545,1
720585,БЕГОВО БРДО,КРУШЕВАЦ,541,1
730874,РАСТ,НОВИ ПАЗАР,26,1
740004,СКРАДНИК,СЈЕНИЦА,1,1
723053,МАРКОВА ЦРКВА,ЛАЈКОВАЦ,98,1
714712,МЕКИШ,ДОЉЕВАЦ,859,1
714739,ОРЉАНЕ,ДОЉЕВАЦ,1256,1
714747,ПЕРУТИНА,ДОЉЕВАЦ,132,1
740012,СТРАЈИНИЋЕ,СЈЕНИЦА,24,1
740039,СТУП,СЈЕНИЦА,151,1
740047,СУГУБИНЕ,СЈЕНИЦА,99,1
740055,СУШИЦА,СЈЕНИЦА,14,1
714755,ПУКОВАЦ,ДОЉЕВАЦ,3325,1
714763,РУСНА,ДОЉЕВАЦ,252,1
714771,ЋУРЛИНА,ДОЉЕВАЦ,158,1
714780,ЧАПЉИНАЦ,ДОЉЕВАЦ,787,1
714798,ЧЕЧИНА,ДОЉЕВАЦ,578,1
714801,ШАИНОВАЦ,ДОЉЕВАЦ,791,1
714810,ШАРЛИНАЦ,ДОЉЕВАЦ,769,1
717967,СТОГАЗОВАЦ,КЊАЖЕВАЦ,57,1
717975,ТАТРАСНИЦА,КЊАЖЕВАЦ,6,1
710342,КОСТОМЛАТИЦА,ВЛАДИЧИН ХАН,4,1
710369,КРЖИНЦЕ,ВЛАДИЧИН ХАН,169,1
735434,БУКОЛОРАМ,ПРОКУПЉЕ,2,3
735442,БУЛАТОВАЦ,ПРОКУПЉЕ,68,1
709484,БИСКУПЉЕ,ВЕЛИКО ГРАДИШТЕ,285,1
735469,БУЧИНЦЕ,ПРОКУПЉЕ,20,1
735477,ВЕЛИКА ПЛАНА,ПРОКУПЉЕ,310,1
735485,ВИДОВАЧА,ПРОКУПЉЕ,5,1
735493,ВИЧА,ПРОКУПЉЕ,26,1
735507,ВЛАСОВО,ПРОКУПЉЕ,17,1
735515,ВОДИЦЕ,ПРОКУПЉЕ,160,1
735523,ГЛАСОВИК,ПРОКУПЉЕ,47,1
735531,ГОЈИНОВАЦ,ПРОКУПЉЕ,41,1
735540,ГОРЊА БЕЈАШНИЦА,ПРОКУПЉЕ,17,1
735558,ГОРЊА БРЕСНИЦА,ПРОКУПЉЕ,125,1
735671,ДОБРОТИЋ,ПРОКУПЉЕ,17,1
710288,ЈАСТРЕБАЦ,ВЛАДИЧИН ХАН,77,1
710296,ЈОВАЦ,ВЛАДИЧИН ХАН,20,1
710300,КАЛИМАНЦЕ,ВЛАДИЧИН ХАН,91,1
710318,КАЦАПУН,ВЛАДИЧИН ХАН,30,1
710326,КОЗНИЦА,ВЛАДИЧИН ХАН,162,1
742899,ЛОПАШ,ТРСТЕНИК,549,1
743658,ИСТОЧНИ МОЈСТИР,ТУТИН,52,1
746681,ЈОВАНОВЦЕ,ЦРНА ТРАВА,22,1
723347,ЛАЛИНОВАЦ,ЛЕБАНЕ,89,1
715328,ЂАКУС,ЖИТОРАЂА,638,1
715336,ЖИТОРАЂА,ЖИТОРАЂА,2992,1
715344,ЗЛАДОВАЦ,ЖИТОРАЂА,13,1
715352,ЈАСЕНИЦА,ЖИТОРАЂА,755,1
715379,КАРЕ,ЖИТОРАЂА,25,1
715387,КОЊАРНИК,ЖИТОРАЂА,61,1
710334,КОПИТАРЦЕ,ВЛАДИЧИН ХАН,28,1
723363,ЛИПОВИЦА,ЛЕБАНЕ,36,1
725021,СТУПНИЦА,ЛЕСКОВАЦ,139,1
715638,ГРЛИШТЕ,ЗАЈЕЧАР,465,1
715646,ГРЉАН,ЗАЈЕЧАР,1914,1
710377,КУКАВИЦА,ВЛАДИЧИН ХАН,3,1
725030,СУШЕВЉЕ,ЛЕСКОВАЦ,76,1
725048,ТОДОРОВЦЕ,ЛЕСКОВАЦ,429,1
725056,ТУЛОВО,ЛЕСКОВАЦ,557,1
725064,ТУПАЛОВЦЕ,ЛЕСКОВАЦ,248,1
725072,ТУРЕКОВАЦ,ЛЕСКОВАЦ,1272,1
725099,ЦРВЕНИ БРЕГ,ЛЕСКОВАЦ,5,1
725102,ЦРКОВНИЦА,ЛЕСКОВАЦ,33,1
725129,ЦРЦАВАЦ,ЛЕСКОВАЦ,60,1
710431,МАЗАРАЋ,ВЛАДИЧИН ХАН,132,1
710440,МАНАЈЛЕ,ВЛАДИЧИН ХАН,19,1
710458,МАЊАК,ВЛАДИЧИН ХАН,207,1
710466,МРТВИЦА,ВЛАДИЧИН ХАН,195,1
710474,ОСТРОВИЦА,ВЛАДИЧИН ХАН,4,1
710482,ПОЛОМ,ВЛАДИЧИН ХАН,294,1
710504,ПРЕКОДОЛЦЕ,ВЛАДИЧИН ХАН,1537,1
710512,ПРИБОЈ,ВЛАДИЧИН ХАН,268,1
715271,ДЕБЕЛИ ЛУГ,ЖИТОРАЂА,18,1
715280,ДОЊЕ ЦРНАТОВО,ЖИТОРАЂА,371,1
715298,ДОЊИ ДРЕНОВАЦ,ЖИТОРАЂА,294,1
720887,ДВОРАНЕ,КРУШЕВАЦ,419,1
729221,КОРИТЊАК,НИШКА БАЊА,9,2
715654,ДУБОЧАНЕ,ЗАЈЕЧАР,289,1
715662,ЗАГРАЂЕ,ЗАЈЕЧАР,105,1
715689,ЗАЈЕЧАР,ЗАЈЕЧАР,32448,1
715697,ЗВЕЗДАН,ЗАЈЕЧАР,1414,1
715719,ЈЕЛАШНИЦА,ЗАЈЕЧАР,66,1
715727,КЛЕНОВАЦ,ЗАЈЕЧАР,91,1
715735,КОПРИВНИЦА,ЗАЈЕЧАР,245,1
723495,РАФУНА,ЛЕБАНЕ,28,1
723509,СВИЊАРИЦА,ЛЕБАНЕ,70,1
731447,ИЗВОР,ПАРАЋИН,502,1
729302,МАНАСТИР,НИШКА БАЊА,4,2
729329,МЕДОШЕВАЦ,ЦРВЕНИ КРСТ,2490,2
729337,МЕЗГРАЈА,ЦРВЕНИ КРСТ,507,2
729345,МИЉКОВАЦ,ЦРВЕНИ КРСТ,135,2
730955,СРЕДЊА ТУШИМЉА,НОВИ ПАЗАР,13,1
711969,ПРЕОБРАЖЕЊЕ,ВРАЊЕ,31,1
729353,НИКОЛА ТЕСЛА,НИШКА БАЊА,4374,2
729370,НИШКА БАЊА,НИШКА БАЊА,3821,2
729388,ДЕВЕТИ МАЈ,ПАЛИЛУЛА (НИШ),4330,2
729396,ОРЕОВАЦ,ПАНТЕЛЕЈ,259,2
727130,КАЛИШТЕ,МАЛО ЦРНИЋЕ,318,1
731463,КРЕЖБИНАЦ,ПАРАЋИН,376,1
731471,ЛЕБИНА,ПАРАЋИН,461,1
731480,ЛЕШЈЕ,ПАРАЋИН,280,1
731498,МИРИЛОВАЦ,ПАРАЋИН,509,1
731501,ПАРАЋИН,ПАРАЋИН,22349,1
731510,ПЛАНА,ПАРАЋИН,877,1
731528,ПОПОВАЦ,ПАРАЋИН,475,1
731536,ПОТОЧАЦ,ПАРАЋИН,875,1
731544,РАТАРЕ,ПАРАЋИН,461,1
731889,ЛОПУШНИК,ПЕТРОВАЦ НА МЛАВИ,327,1
731897,МАЛО ЛАОЛЕ,ПЕТРОВАЦ НА МЛАВИ,520,1
731919,МАНАСТИРИЦА,ПЕТРОВАЦ НА МЛАВИ,499,1
731927,МЕЛНИЦА,ПЕТРОВАЦ НА МЛАВИ,630,1
731935,ОРЕШКОВИЦА,ПЕТРОВАЦ НА МЛАВИ,599,1
731943,ОРЉЕВО,ПЕТРОВАЦ НА МЛАВИ,153,1
711578,ЗЛАТОКОП,ВРАЊЕ,746,1
711608,КЛАШНИЦЕ,ВРАЊЕ,9,1
711616,КЛИСУРИЦА,ВРАЊСКА БАЊА,53,2
739570,ЖАБРЕН,СЈЕНИЦА,237,1
727156,КРАВЉИ ДО,МАЛО ЦРНИЋЕ,212,1
727164,КУЛА,МАЛО ЦРНИЋЕ,441,1
727199,МАЛО ЦРНИЋЕ,МАЛО ЦРНИЋЕ,624,1
727202,САЛАКОВАЦ,МАЛО ЦРНИЋЕ,613,1
727229,СМОЉИНАЦ,МАЛО ЦРНИЋЕ,1199,1
727261,ШЉИВОВАЦ,МАЛО ЦРНИЋЕ,96,1
727369,ГОРЊИ ГАЈТАН,МЕДВЕЂА,30,1
727377,ГРБАВЦЕ,МЕДВЕЂА,40,1
727385,ГУБАВЦЕ,МЕДВЕЂА,11,1
742660,БРЕЗОВИЦА,ТРСТЕНИК,435,1
742678,БРЕСНО ПОЉЕ,ТРСТЕНИК,560,1
742686,БУЧЈЕ,ТРСТЕНИК,320,1
742694,ВЕЛИКА ДРЕНОВА,ТРСТЕНИК,2026,1
742708,ВЕЛУЋЕ,ТРСТЕНИК,353,1
742716,ГОЛУБОВАЦ,ТРСТЕНИК,193,1
742724,ГОРЊА ОМАШНИЦА,ТРСТЕНИК,415,1
742732,ГОРЊА ЦРНИШАВА,ТРСТЕНИК,297,1
742783,ДОЊА ОМАШНИЦА,ТРСТЕНИК,476,1
742791,ДОЊА ЦРНИШАВА,ТРСТЕНИК,302,1
731951,ПАНКОВО,ПЕТРОВАЦ НА МЛАВИ,258,1
731960,ПЕТРОВАЦ НА МЛАВИ,ПЕТРОВАЦ НА МЛАВИ,6958,1
731978,РАНОВАЦ,ПЕТРОВАЦ НА МЛАВИ,1167,1
743437,ГОРЊИ ЦРНИШ,ТУТИН,49,1
743453,ГУЈИЋЕ,ТУТИН,109,1
742856,ЛЕВИЋИ,ТРСТЕНИК,97,1
743887,ОСТРОВИЦА,ТУТИН,15,1
803359,ВЕЛИКА ГРЕДА,ПЛАНДИШТЕ,922,1
801585,КНИЋАНИН,ЗРЕЊАНИН,1384,1
740446,ПЕТРИЈЕВО,СМЕДЕРЕВО,1363,1
733539,РУПЕЉЕВО,ПОЖЕГА,271,1
733547,СВРАЧКОВО,ПОЖЕГА,91,1
730343,ЗАБРЂЕ,НОВИ ПАЗАР,16,1
802522,АЛЕКСАНДРОВО,НОВА ЦРЊА,1835,1
730351,ЗЛАТАРЕ,НОВИ ПАЗАР,4,1
730360,ИВАНЧА,НОВИ ПАЗАР,1417,1
730394,ЈАВОР,НОВИ ПАЗАР,4,1
730475,КОСУРИЋЕ,НОВИ ПАЗАР,93,1
705195,УМКА,ЧУКАРИЦА,4985,1
705209,АЛАБАНА,БЛАЦЕ,79,1
730599,НЕГОТИНАЦ,НОВИ ПАЗАР,4,1
730637,ОКОСЕ,НОВИ ПАЗАР,14,1
803448,ПЛАНДИШТЕ,ПЛАНДИШТЕ,3329,1
739367,ВРАПЦИ,СЈЕНИЦА,29,1
730688,ПАРАЛОВО,НОВИ ПАЗАР,1819,1
730718,ПОБРЂЕ,НОВИ ПАЗАР,3602,1
730726,ПОЖЕГА,НОВИ ПАЗАР,724,1
730742,ПОЛОКЦЕ,НОВИ ПАЗАР,46,1
730769,ПОПЕ,НОВИ ПАЗАР,40,1
724637,МЕЂА,ЛЕСКОВАЦ,729,1
724645,МЕЛОВО,ЛЕСКОВАЦ,23,1
730793,ПУСТА ТУШИМЉА,НОВИ ПАЗАР,17,1
730807,ПУСТОВЛАХ,НОВИ ПАЗАР,13,1
730831,РАЈКОВИЋЕ,НОВИ ПАЗАР,9,1
730866,РАКОВАЦ,НОВИ ПАЗАР,3,1
802557,НОВА ЦРЊА,НОВА ЦРЊА,1007,1
801607,ЛУКИНО СЕЛО,ЗРЕЊАНИН,318,1
803898,ГАКОВО,СОМБОР,1309,1
802581,ТОБА,НОВА ЦРЊА,357,1
803910,КЉАЈИЋЕВО,СОМБОР,4006,1
803936,РАСТИНА,СОМБОР,337,1
803944,РИЂИЦА,СОМБОР,1482,1
804215,МАЧВАНСКА МИТРОВИЦА,СРЕМСКА МИТРОВИЦА,3380,1
803952,СВЕТОЗАР МИЛЕТИЋ,СОМБОР,2162,1
705578,СУВИ ДО,БЛАЦЕ,192,1
705586,ТРБУЊЕ,БЛАЦЕ,388,1
743747,КОНИЧЕ,ТУТИН,129,1
803979,СОМБОР,СОМБОР,41814,1
736589,РУЈИШТЕ,РАЖАЊ,225,1
736597,СКОРИЦА,РАЖАЊ,512,1
803987,СТАНИШИЋ,СОМБОР,2914,1
716065,ВУЧАК,ИВАЊИЦА,138,1
716073,ГЛЕЂИЦА,ИВАЊИЦА,120,1
716081,ГРАДАЦ,ИВАЊИЦА,44,1
803995,СТАПАР,СОМБОР,2815,1
804002,ТЕЛЕЧКА,СОМБОР,1182,1
709646,ОСТРОВО,ВЕЛИКО ГРАДИШТЕ,224,1
804029,ЧОНОПЉА,СОМБОР,2696,1
804037,НАДАЉ,СРБОБРАН,1804,1
730963,СТРАДОВО,НОВИ ПАЗАР,12,1
804045,СРБОБРАН,СРБОБРАН,10496,1
711659,КОРБУЛ,ВРАЊСКА БАЊА,1,2
804053,ТУРИЈА,СРБОБРАН,2057,1
802590,БОЧАР,НОВИ БЕЧЕЈ,1202,1
804134,ЗАСАВИЦА II,СРЕМСКА МИТРОВИЦА,532,3
804088,БОСУТ,СРЕМСКА МИТРОВИЦА,755,1
804096,ВЕЛИКИ РАДИНЦИ,СРЕМСКА МИТРОВИЦА,1145,1
800937,ЛУГ,БЕОЧИН,529,1
713538,ЛУЊЕВИЦА,ГОРЊИ МИЛАНОВАЦ,453,1
713546,ЉЕВАЈА,ГОРЊИ МИЛАНОВАЦ,77,1
804126,ЗАСАВИЦА I,СРЕМСКА МИТРОВИЦА,652,3
801755,ЈАРКОВЦИ,ИНЂИЈА,579,1
804169,КУЗМИН,СРЕМСКА МИТРОВИЦА,2569,1
743518,ДОБРИ ДУБ,ТУТИН,141,1
804177,ЛАЋАРАК,СРЕМСКА МИТРОВИЦА,9278,1
804185,ЛЕЖИМИР,СРЕМСКА МИТРОВИЦА,555,1
804207,МАРТИНЦИ,СРЕМСКА МИТРОВИЦА,2590,1
723614,БАДИНЦЕ,ЛЕСКОВАЦ,533,1
723657,БЕЛИ ПОТОК,ЛЕСКОВАЦ,488,1
723665,БИСТРИЦА,ЛЕСКОВАЦ,27,1
723673,БОБИШТЕ,ЛЕСКОВАЦ,2371,1
723681,БОГОЈЕВЦЕ,ЛЕСКОВАЦ,1183,1
723690,БОЈИШИНА,ЛЕСКОВАЦ,109,1
723703,БОЋЕВИЦА,ЛЕСКОВАЦ,85,1
723711,БРАТМИЛОВЦЕ,ЛЕСКОВАЦ,3361,1
723789,БУНУШКИ ЧИФЛУК,ЛЕСКОВАЦ,483,1
723851,ВИЉЕ КОЛО,ЛЕСКОВАЦ,0,1
723886,ВЛАСЕ,ЛЕСКОВАЦ,409,1
723894,ВУЧЈЕ,ЛЕСКОВАЦ,2553,1
723908,ГАГИНЦЕ,ЛЕСКОВАЦ,39,1
723916,ГОЛЕМА ЊИВА,ЛЕСКОВАЦ,34,1
736414,БРАЉИНА,РАЖАЊ,98,1
739391,ГОЛУБАН,СЈЕНИЦА,40,1
736481,МАЛЕТИНА,РАЖАЊ,75,1
736490,МАЋИЈА,РАЖАЊ,27,1
736503,НОВИ БРАЧИН,РАЖАЊ,444,1
736511,ПАРДИК,РАЖАЊ,242,1
736520,ПОДГОРАЦ,РАЖАЊ,331,1
736538,ПОСЛОН,РАЖАЊ,150,1
736546,ПРАСКОВЧЕ,РАЖАЊ,332,1
736554,ПРЕТРКОВАЦ,РАЖАЊ,190,1
736635,ЦЕРОВО,РАЖАЊ,27,1
735132,СКОКУЋЕ,ПРИЈЕПОЉЕ,32,1
735159,СЛАТИНА,ПРИЈЕПОЉЕ,114,1
735167,СОПОТНИЦА,ПРИЈЕПОЉЕ,59,1
735175,ТАШЕВО,ПРИЈЕПОЉЕ,1816,1
735183,ХИСАРЏИК,ПРИЈЕПОЉЕ,155,1
735191,ХРТА,ПРИЈЕПОЉЕ,78,1
735205,ЦРКВЕНИ ТОЦИ,ПРИЈЕПОЉЕ,26,1
735213,ЧАДИЊЕ,ПРИЈЕПОЉЕ,322,1
736678,АДРОВАЦ,РАЧА,237,1
736724,ВОЈИНОВАЦ,РАЧА,86,1
736775,ЂУРЂЕВО,РАЧА,430,1
736783,МАЛО КРЧМАРЕ,РАЧА,333,1
744212,ШПИЉАНИ,ТУТИН,262,1
744239,БРАЉИНА,ЋИЋЕВАЦ,67,1
744247,ГРАД СТАЛАЋ,ЋИЋЕВАЦ,555,1
744255,ЛУЧИНА,ЋИЋЕВАЦ,699,1
736791,МИРАШЕВАЦ,РАЧА,450,1
736805,ПОПОВИЋ,РАЧА,290,1
736813,РАЧА,РАЧА,2362,1
745537,ВИДОВА,ЧАЧАК,85,1
745545,ВИЉУША,ЧАЧАК,825,1
745553,ВРАНИЋИ,ЧАЧАК,441,1
745561,ВРНЧАНИ,ЧАЧАК,151,1
745570,ВУЈЕТИНЦИ,ЧАЧАК,284,1
745588,ГОРИЧАНИ,ЧАЧАК,583,1
745596,ГОРЊА ГОРЕВНИЦА,ЧАЧАК,1118,1
745600,ГОРЊА ТРЕПЧА,ЧАЧАК,459,1
745618,ДОЊА ГОРЕВНИЦА,ЧАЧАК,794,1
745626,ДОЊА ТРЕПЧА,ЧАЧАК,808,1
745634,ЖАОЧАНИ,ЧАЧАК,265,1
745642,ЗАБЛАЋЕ,ЧАЧАК,1064,1
745669,ЈАНЧИЋИ,ЧАЧАК,89,1
745677,ЈЕЖЕВИЦА,ЧАЧАК,1111,1
745685,ЈЕЗДИНА,ЧАЧАК,190,1
745693,КАТРГА,ЧАЧАК,679,1
745707,КАЧУЛИЦЕ,ЧАЧАК,497,1
745731,КУЛИНОВЦИ,ЧАЧАК,340,1
744352,ВИРИНЕ,ЋУПРИЈА,568,1
744379,ВЛАШКА,ЋУПРИЈА,232,1
744387,ДВОРИЦА,ЋУПРИЈА,155,1
744395,ИВАНКОВАЦ,ЋУПРИЈА,175,1
744409,ИСАКОВО,ЋУПРИЈА,424,1
744417,ЈОВАЦ,ЋУПРИЈА,820,1
744425,КОВАНИЦА,ЋУПРИЈА,111,1
744433,КРУШАР,ЋУПРИЈА,1035,1
744441,МИЈАТОВАЦ,ЋУПРИЈА,1326,1
744450,ОСТРИКОВАЦ,ЋУПРИЈА,421,1
744468,ПАЉАНЕ,ЋУПРИЈА,345,1
744476,СЕЊЕ,ЋУПРИЈА,931,1
744484,СУПСКА,ЋУПРИЈА,1241,1
744492,ЋУПРИЈА,ЋУПРИЈА,16522,1
723991,ГОРЊЕ КРАЈИНЦЕ,ЛЕСКОВАЦ,604,1
724009,ГОРЊЕ СИНКОВЦЕ,ЛЕСКОВАЦ,401,1
724017,ГОРЊЕ СТОПАЊЕ,ЛЕСКОВАЦ,1685,1
708976,САНДАЉ,ВАЉЕВО,91,1
743577,ДУЛЕБЕ,ТУТИН,60,1
743623,ЖУЧЕ,ТУТИН,78,1
743640,ИЗРОК,ТУТИН,87,1
717282,ВАСИЉ,КЊАЖЕВАЦ,413,1
717304,ВИДОВАЦ,КЊАЖЕВАЦ,13,1
717312,ВИНА,КЊАЖЕВАЦ,181,1
717339,ВИТКОВАЦ,КЊАЖЕВАЦ,153,1
717347,ВЛАШКО ПОЉЕ,КЊАЖЕВАЦ,86,1
717355,ВРТОВАЦ,КЊАЖЕВАЦ,90,1
717363,ГАБРОВНИЦА,КЊАЖЕВАЦ,2,1
717371,ГЛОГОВАЦ,КЊАЖЕВАЦ,37,1
717380,ГОРЊА КАМЕНИЦА,КЊАЖЕВАЦ,157,1
717398,ГОРЊА СОКОЛОВИЦА,КЊАЖЕВАЦ,7,1
717401,ГОРЊЕ ЗУНИЧЕ,КЊАЖЕВАЦ,381,1
717410,ГРАДИШТЕ,КЊАЖЕВАЦ,12,1
717452,ДОЊА КАМЕНИЦА,КЊАЖЕВАЦ,146,1
717479,ДОЊА СОКОЛОВИЦА,КЊАЖЕВАЦ,58,1
717487,ДОЊЕ ЗУНИЧЕ,КЊАЖЕВАЦ,297,1
717495,ДРВНИК,КЊАЖЕВАЦ,2,1
717509,ДРЕНОВАЦ,КЊАЖЕВАЦ,53,1
717517,ДРЕЧИНОВАЦ,КЊАЖЕВАЦ,38,1
717525,ЖЛНЕ,КЊАЖЕВАЦ,71,1
716103,ДЕВИЋИ,ИВАЊИЦА,109,1
708992,СИТАРИЦЕ,ВАЉЕВО,101,1
709000,СОВАЧ,ВАЉЕВО,79,1
709026,СТАПАР,ВАЉЕВО,117,1
709034,СТРМНА ГОРА,ВАЉЕВО,117,1
716189,КАТИЋИ,ИВАЊИЦА,113,1
718785,ДОБРАЧА,КРАГУЈЕВАЦ,339,1
718793,ДОЊА САБАНТА,КРАГУЈЕВАЦ,411,1
718807,ДОЊЕ ГРБИЦЕ,КРАГУЈЕВАЦ,460,1
718815,ДОЊЕ КОМАРИЦЕ,КРАГУЈЕВАЦ,356,1
718823,ДРАГОБРАЋА,КРАГУЈЕВАЦ,1179,1
718831,ДРАЧА,КРАГУЈЕВАЦ,821,1
718840,ДРЕНОВАЦ,КРАГУЈЕВАЦ,291,1
718858,ДУЛЕНЕ,КРАГУЈЕВАЦ,68,1
718866,ЂУРИСЕЛО,КРАГУЈЕВАЦ,670,1
718874,ЕРДЕЧ,КРАГУЈЕВАЦ,86,1
718912,ЈАБУЧЈЕ,КРАГУЈЕВАЦ,129,1
718939,ЈОВАНОВАЦ,КРАГУЈЕВАЦ,1203,1
716219,КОВИЉЕ,ИВАЊИЦА,11,1
709492,ВЕЛИКО ГРАДИШТЕ,ВЕЛИКО ГРАДИШТЕ,5518,1
709506,ГАРЕВО,ВЕЛИКО ГРАДИШТЕ,162,1
746665,БЕЛО ПОЉЕ,СУРДУЛИЦА,394,1
801119,ГУДУРИЦА,ВРШАЦ,876,1
709573,КИСИЉЕВО,ВЕЛИКО ГРАДИШТЕ,444,1
743917,ПЛЕНИБАБЕ,ТУТИН,95,1
801127,ЗАГАЈИЦА,ВРШАЦ,420,1
709689,ПОПОВАЦ,ВЕЛИКО ГРАДИШТЕ,135,1
709697,РАМ,ВЕЛИКО ГРАДИШТЕ,176,1
709719,СИРАКОВО,ВЕЛИКО ГРАДИШТЕ,548,1
709727,СРЕДЊЕВО,ВЕЛИКО ГРАДИШТЕ,344,1
709735,ТОПОЛОВНИК,ВЕЛИКО ГРАДИШТЕ,699,1
709743,ТРИБРОДЕ,ВЕЛИКО ГРАДИШТЕ,377,1
709751,ЦАРЕВАЦ,ВЕЛИКО ГРАДИШТЕ,588,1
709760,ЧЕШЉЕВА БАРА,ВЕЛИКО ГРАДИШТЕ,383,1
730912,СКУКОВО,НОВИ ПАЗАР,13,1
716294,МАНА,ИВАЊИЦА,176,1
720836,ГЛОБОДЕР,КРУШЕВАЦ,1163,1
738140,КАЛЕНОВАЦ,ЈАГОДИНА,13,1
738158,КОВАЧЕВАЦ,ЈАГОДИНА,269,1
738166,КОЛАРЕ,ЈАГОДИНА,396,1
738174,КОНЧАРЕВО,ЈАГОДИНА,1565,1
738182,КОЧИНО СЕЛО,ЈАГОДИНА,743,1
738204,ЛОВЦИ,ЈАГОДИНА,637,1
738212,ЛОЗОВИК,ЈАГОДИНА,226,1
706086,ОРАНЕ,БОЈНИК,49,1
706094,ПЛАВЦЕ,БОЈНИК,157,1
730939,СЛАТИНА,НОВИ ПАЗАР,246,1
730947,СМИЛОВ ЛАЗ,НОВИ ПАЗАР,0,1
801747,ИНЂИЈА,ИНЂИЈА,24450,1
801097,ВРШАЧКИ РИТОВИ,ВРШАЦ,19,1
727946,КОСТАДИНОВАЦ,МЕРОШИНА,195,1
727954,КРАЈКОВАЦ,МЕРОШИНА,387,1
734748,КАРАУЛА,ПРИЈЕПОЉЕ,22,1
730971,СУДСКО СЕЛО,НОВИ ПАЗАР,47,1
733253,ГУГАЉ,ПОЖЕГА,179,1
733261,ДОЊА ДОБРИЊА,ПОЖЕГА,322,1
733270,ДРАЖИНОВИЋИ,ПОЖЕГА,225,1
733288,ДУШКОВЦИ,ПОЖЕГА,235,1
739421,ГРАБОВИЦА,СЈЕНИЦА,33,1
738255,МАЛИ ПОПОВИЋ,ЈАГОДИНА,265,1
738263,МЕДОЈЕВАЦ,ЈАГОДИНА,119,1
738280,МИЛОШЕВО,ЈАГОДИНА,771,1
738298,МИШЕВИЋ,ЈАГОДИНА,112,1
738301,НОВО ЛАНИШТЕ,ЈАГОДИНА,507,1
738310,РАЈКИНАЦ,ЈАГОДИНА,300,1
738328,РАКИТОВО,ЈАГОДИНА,1741,1
738344,РИБНИК,ЈАГОДИНА,237,1
738352,ЈАГОДИНА,ЈАГОДИНА,34892,1
738379,СИОКОВАЦ,ЈАГОДИНА,315,1
727849,БУЧИЋ,МЕРОШИНА,391,1
727857,ГОРЊА РАСОВАЧА,МЕРОШИНА,180,1
727865,ГРАДИШТЕ,МЕРОШИНА,490,1
727873,ДЕВЧА,МЕРОШИНА,304,1
711705,КУПИНИНЦЕ,ВРАЊЕ,85,1
711713,ЛАЛИНЦЕ,ВРАЊЕ,34,1
711721,ЛЕВА РЕКА,ВРАЊСКА БАЊА,26,2
711730,ЛЕПЧИНЦЕ,ВРАЊЕ,47,1
711748,ЛИПОВАЦ,ВРАЊСКА БАЊА,22,2
711756,ЛУКОВО,ВРАЊЕ,59,1
711764,МАРГАНЦЕ,ВРАЊЕ,5,1
711772,МЕЧКОВАЦ,ВРАЊЕ,136,1
711799,МИЈАКОВЦЕ,ВРАЊЕ,5,1
711802,МИЈОВЦЕ,ВРАЊЕ,24,1
711829,МИЛАНОВО,ВРАЊЕ,173,1
801542,ЗРЕЊАНИН,ЗРЕЊАНИН,67129,1
728144,ГОРЊИ ЛАЈКОВАЦ,МИОНИЦА,257,1
728152,ГОРЊИ МУШИЋ,МИОНИЦА,336,1
711837,МИЛИВОЈЦЕ,ВРАЊЕ,71,1
800791,ДОБРИЧЕВО,БЕЛА ЦРКВА,136,1
740756,БЕЛИ ПОТОК,СОКОБАЊА,181,1
740764,БЛЕНДИЈА,СОКОБАЊА,243,1
804231,РАВЊЕ,СРЕМСКА МИТРОВИЦА,953,1
725609,ПАСКОВАЦ,ЛОЗНИЦА,490,1
740772,БОГДИНАЦ,СОКОБАЊА,112,1
703907,СУРЧИН,СУРЧИН,20602,1
801763,КРЧЕДИН,ИНЂИЈА,2213,1
800864,ЦРВЕНА ЦРКВА,БЕЛА ЦРКВА,600,1
800988,БАЧКО ГРАДИШТЕ,БЕЧЕЈ,4335,1
801011,МИЛЕШЕВО,БЕЧЕЈ,605,1
741370,СТАЈКОВЦЕ,СУРДУЛИЦА,28,1
741388,СТРЕЗИМИРОВЦИ,СУРДУЛИЦА,15,1
741396,СУВОЈНИЦА,СУРДУЛИЦА,696,1
741400,СУРДУЛИЦА,СУРДУЛИЦА,9242,1
804312,ШАШИНЦИ,СРЕМСКА МИТРОВИЦА,1436,1
734713,ЈАБУКА,ПРИЈЕПОЉЕ,219,1
803022,РАТКОВО,ОЏАЦИ,2840,1
801178,МАЛО СРЕДИШТЕ,ВРШАЦ,84,1
801062,ВОЈВОДИНЦИ,ВРШАЦ,254,1
719943,ОБРВА,КРАЉЕВО,530,1
719951,ОПЛАНИЋИ,КРАЉЕВО,757,1
719960,ОРЉА ГЛАВА,КРАЉЕВО,20,1
719978,ПЕКЧАНИЦА,КРАЉЕВО,163,1
719986,ПЕТРОПОЉЕ,КРАЉЕВО,171,1
719994,ПЕЧЕНОГ,КРАЉЕВО,327,1
708089,ПРЕТИНА,БУЈАНОВАЦ,18,1
708178,СПАНЧЕВАЦ,БУЈАНОВАЦ,279,1
739456,ДОЛИЋЕ,СЈЕНИЦА,264,1
745880,ПАРМЕНАЦ,ЧАЧАК,587,1
804380,ГОЛУБИНЦИ,СТАРА ПАЗОВА,4175,1
709832,ВУЧЕВИЦА,ВЛАДИМИРЦИ,92,1
728845,УРОВИЦА,НЕГОТИН,595,1
728853,ЦРНОМАСНИЦА,НЕГОТИН,141,1
728861,ЧУБРА,НЕГОТИН,212,1
728870,ШАРКАМЕН,НЕГОТИН,199,1
728888,ШТУБИК,НЕГОТИН,601,1
801089,ВРШАЦ,ВРШАЦ,31946,1
741485,БЈЕЛОТИЋИ,УЖИЦЕ,153,1
741493,БУАР,УЖИЦЕ,1076,1
728896,БАНЦАРЕВО,НИШКА БАЊА,39,2
728900,БЕРБАТОВО,ПАЛИЛУЛА (НИШ),263,2
801135,ИЗБИШТЕ,ВРШАЦ,1324,1
801160,МАЛИ ЖАМ,ВРШАЦ,202,1
801186,МАРКОВАЦ,ВРШАЦ,179,1
705012,НЕМЕНИКУЋЕ,СОПОТ,1833,1
705039,ПАРЦАНИ,СОПОТ,533,1
742422,ЛЕСНИЦА,ТРГОВИШТЕ,56,1
742449,МАЛА РЕКА,ТРГОВИШТЕ,4,1
742457,МАРГАНЦЕ,ТРГОВИШТЕ,11,1
742465,МЕЗДРАЈА,ТРГОВИШТЕ,11,1
742473,НОВИ ГЛОГ,ТРГОВИШТЕ,60,1
742481,НОВО СЕЛО,ТРГОВИШТЕ,140,1
742490,ПЕТРОВАЦ,ТРГОВИШТЕ,9,1
742503,ПРОЛЕСЈЕ,ТРГОВИШТЕ,22,1
742511,РАДОВНИЦА,ТРГОВИШТЕ,712,1
742520,РАЈЧЕВЦЕ,ТРГОВИШТЕ,1,1
742538,СУРЛИЦА,ТРГОВИШТЕ,41,1
712647,ДУГА ПОЉАНА,ГАЏИН ХАН,22,1
712655,ДУКАТ,ГАЏИН ХАН,134,1
712663,ЈАГЛИЧЈЕ,ГАЏИН ХАН,14,1
705101,СОПОТ,СОПОТ,1956,1
739243,БОЉАРЕ,СЈЕНИЦА,10,1
742546,ТРГОВИШТЕ,ТРГОВИШТЕ,1711,1
742619,ШАПРАНЦЕ,ТРГОВИШТЕ,57,1
742627,ШИРОКА ПЛАНИНА,ТРГОВИШТЕ,50,1
742635,ШУМАТА ТРНИЦА,ТРГОВИШТЕ,15,1
742643,БОГДАЊЕ,ТРСТЕНИК,814,1
804720,МОШОРИН,ТИТЕЛ,2406,1
730165,ВРАНОВИНА,НОВИ ПАЗАР,229,1
730173,ВУЧИНИЋЕ,НОВИ ПАЗАР,141,1
730181,ВУЧЈА ЛОКВА,НОВИ ПАЗАР,0,1
705144,ПЕЋАНИ,ЧУКАРИЦА,563,1
705152,РУЦКА,ЧУКАРИЦА,332,1
705233,БРЕЖАНИ,БЛАЦЕ,36,1
803049,СРПСКИ МИЛЕТИЋ,ОЏАЦИ,2486,1
705292,ГОРЊЕ СВАРЧЕ,БЛАЦЕ,72,1
705306,ДОЊА ДРАГУША,БЛАЦЕ,53,1
705314,ДОЊА ЈОШАНИЦА,БЛАЦЕ,55,1
705322,ДОЊА РАШИЦА,БЛАЦЕ,59,1
716669,МАНАСТИРИЦА,КЛАДОВО,118,1
716677,МИЛУТИНОВАЦ,КЛАДОВО,104,1
716693,ПЕТРОВО СЕЛО,КЛАДОВО,41,1
716707,ПОДВРШКА,КЛАДОВО,734,1
716715,РЕКА,КЛАДОВО,196,1
716723,РЕЧИЦА,КЛАДОВО,19,1
743682,ЈЕЗГРОВИЋЕ,ТУТИН,230,1
705349,ДОЊЕ ГРГУРЕ,БЛАЦЕ,86,1
706043,МИЈАЈЛИЦА,БОЈНИК,85,1
706051,МРВЕШ,БОЈНИК,53,1
706060,ОБИЛИЋ,БОЈНИК,42,1
706078,ОБРАЖДА,БОЈНИК,6,1
705357,ДОЊЕ СВАРЧЕ,БЛАЦЕ,50,1
706680,ГОРЊА ЉУБАТА,БОСИЛЕГРАД,137,1
706698,ГОРЊА РЖАНА,БОСИЛЕГРАД,30,1
706701,ГОРЊЕ ТЛАМИНО,БОСИЛЕГРАД,60,1
706710,ГРУЈИНЦИ,БОСИЛЕГРАД,33,1
706728,ДОГАНИЦА,БОСИЛЕГРАД,14,1
706736,ДОЊА ЛИСИНА,БОСИЛЕГРАД,126,1
735876,ЈУГОВАЦ,ПРОКУПЉЕ,83,1
735884,КАЛУДРА,ПРОКУПЉЕ,51,1
735892,КЛИСУРИЦА,ПРОКУПЉЕ,125,1
735906,КОЖИНЦЕ,ПРОКУПЉЕ,8,1
730203,ГОРЊА ТУШИМЉА,НОВИ ПАЗАР,12,1
730211,ГОШЕВО,НОВИ ПАЗАР,33,1
743704,ЈЕЛИЋЕ,ТУТИН,98,1
736228,РАНКОВА РЕКА,ПРОКУПЉЕ,5,1
730220,ГРАЂАНОВИЋЕ,НОВИ ПАЗАР,14,1
736252,РЕЉИНАЦ,ПРОКУПЉЕ,454,1
730238,ГРАЧАНЕ,НОВИ ПАЗАР,8,1
730254,ДЕЖЕВА,НОВИ ПАЗАР,301,1
803111,КАЧАРЕВО,ПАНЧЕВО,6346,1
739251,БОРИШИЋЕ,СЈЕНИЦА,13,1
730262,ДОЈИНОВИЋЕ,НОВИ ПАЗАР,49,1
730289,ДОЛАЦ,НОВИ ПАЗАР,109,1
802697,ПОДЛОКАЊ,НОВИ КНЕЖЕВАЦ,97,1
730297,ДОЉАНИ,НОВИ ПАЗАР,71,1
746037,СТАНЧИЋИ,ЧАЧАК,250,1
730327,ДРАМИЋЕ,НОВИ ПАЗАР,39,1
743488,ДЕВРЕЧ,ТУТИН,47,1
743313,БРНИШЕВО,ТУТИН,8,1
730335,ЖУЊЕВИЋЕ,НОВИ ПАЗАР,154,1
734624,ЗАБРДЊИ ТОЦИ,ПРИЈЕПОЉЕ,32,1
733555,СРЕДЊА ДОБРИЊА,ПОЖЕГА,322,1
733563,ТАБАНОВИЋИ,ПОЖЕГА,107,1
708232,УЗОВО,БУЈАНОВАЦ,3,1
733571,ТВРДИЋИ,ПОЖЕГА,227,1
733580,ТОМЕТИНО ПОЉЕ,ПОЖЕГА,260,1
733598,ТУЧКОВО,ПОЖЕГА,124,1
733601,УЗИЋИ,ПОЖЕГА,433,1
733644,БУЈИЋ,ПРЕШЕВО,97,1
733652,БУКОВАЦ,ПРЕШЕВО,64,1
734128,КАЛАФАТИ,ПРИБОЈ,291,1
802719,РАБЕ,НОВИ КНЕЖЕВАЦ,62,1
708674,КАМЕНИЦА,ВАЉЕВО,643,1
708682,КЛАНИЦА,ВАЉЕВО,419,1
708704,КЛИНЦИ,ВАЉЕВО,245,1
708712,КОВАЧИЦЕ,ВАЉЕВО,168,1
746231,ЗМИЊАК,ШАБАЦ,1031,1
739278,БРЕЗА,СЈЕНИЦА,107,1
739286,БРЊИЦА,СЈЕНИЦА,132,1
739294,БУЂЕВО,СЈЕНИЦА,76,1
739308,ВАПА,СЈЕНИЦА,168,1
708771,ЛОЗНИЦА,ВАЉЕВО,373,1
708780,ЛУКАВАЦ,ВАЉЕВО,696,1
734136,КАЛУЂЕРОВИЋИ,ПРИБОЈ,91,1
734187,КУКУРОВИЋИ,ПРИБОЈ,22,1
725889,ГУЧА (ВАРОШИЦА),ЛУЧАНИ,1491,1
805050,ЉУБА,ШИД,361,1
802123,БАНАТСКО ВЕЛИКО СЕЛО,КИКИНДА,2008,1
805068,МОЛОВИН,ШИД,127,1
802603,КУМАНЕ,НОВИ БЕЧЕЈ,2695,1
805114,КОСАНЧИЋ,ВРБАС,46,1
802646,ЂАЛА,НОВИ КНЕЖЕВАЦ,518,1
802654,СРПСКИ КРСТУР,НОВИ КНЕЖЕВАЦ,913,1
801844,ВЕЛИКА РЕМЕТА,ИРИГ,42,1
802689,НОВИ КНЕЖЕВАЦ,НОВИ КНЕЖЕВАЦ,5688,1
802786,КАЋ,НОВИ САД,11067,1
744140,ЦРКВИНЕ,ТУТИН,73,1
802816,ЛЕДИНЦИ,НОВИ САД,1864,1
746258,ЈЕЛЕНЧА,ШАБАЦ,1561,1
802859,РУМЕНКА,НОВИ САД,6300,1
805025,ИЛИНЦИ,ШИД,602,1
726389,МИЛАВАЦ,ЉИГ,170,1
805033,ЈАМЕНА,ШИД,738,1
805041,КУКУЈЕВЦИ,ШИД,1490,1
805084,ПРИВИНА ГЛАВА,ШИД,144,1
805092,СОТ,ШИД,529,1
802875,СТЕПАНОВИЋЕВО,НОВИ САД,1848,1
805106,ШИД,ШИД,12618,1
734659,ЗАЛУГ,ПРИЈЕПОЉЕ,1204,1
734675,ЗВИЈЕЗД,ПРИЈЕПОЉЕ,42,1
735060,ПРАЊЦИ,ПРИЈЕПОЉЕ,302,1
720763,ВИТАНОВАЦ,КРУШЕВАЦ,504,1
720771,ВРАТАРЕ,КРУШЕВАЦ,342,1
720780,ВУЧАК,КРУШЕВАЦ,259,1
735078,ПРИЈЕПОЉЕ,ПРИЈЕПОЉЕ,11928,1
735086,РАСНО,ПРИЈЕПОЉЕ,359,1
735094,РАТАЈСКА,ПРИЈЕПОЉЕ,1749,1
746312,МАЛА ВРАЊСКА,ШАБАЦ,714,1
744158,ЧАРОВИНА,ТУТИН,223,1
744166,ЧМАЊКЕ,ТУТИН,32,1
712523,ГАРЕ,ГАЏИН ХАН,9,1
712531,ГАЏИН ХАН,ГАЏИН ХАН,1194,1
712540,ГОРЊЕ ВЛАСЕ,ГАЏИН ХАН,96,1
712558,ГОРЊЕ ДРАГОВЉЕ,ГАЏИН ХАН,171,1
712566,ГОРЊИ БАРБЕШ,ГАЏИН ХАН,255,1
712574,ГОРЊИ ДУШНИК,ГАЏИН ХАН,94,1
712582,ГРКИЊА,ГАЏИН ХАН,497,1
712604,ДОЊЕ ДРАГОВЉЕ,ГАЏИН ХАН,235,1
712612,ДОЊИ БАРБЕШ,ГАЏИН ХАН,87,1
712639,ДОЊИ ДУШНИК,ГАЏИН ХАН,428,1
744204,ШИПЧЕ,ТУТИН,58,1
802905,БАРАНДА,ОПОВО,1399,1
726079,МАРКОВИЦА,ЛУЧАНИ,109,1
726192,БЕЛАНОВИЦА,ЉИГ,152,1
801348,БАНАТСКИ ДВОР,ЖИТИШТЕ,867,1
735809,ЂУРОВАЦ,ПРОКУПЉЕ,132,1
801356,БАНАТСКО ВИШЊИЋЕВО,ЖИТИШТЕ,148,1
802913,ОПОВО,ОПОВО,4147,1
726761,ЧИТЛУК,ЉУБОВИЈА,770,1
726770,БОЉЕТИН,МАЈДАНПЕК,356,1
726788,ВЛАОЛЕ,МАЈДАНПЕК,444,1
726796,ГОЛУБИЊЕ,МАЈДАНПЕК,424,1
727083,БОЖЕВАЦ,МАЛО ЦРНИЋЕ,1136,1
727091,ВЕЛИКО СЕЛО,МАЛО ЦРНИЋЕ,275,1
727105,ВЕЛИКО ЦРНИЋЕ,МАЛО ЦРНИЋЕ,612,1
740705,РАТАРИ,СМЕДЕРЕВСКА ПАЛАНКА,1365,1
740713,СЕЛЕВАЦ,СМЕДЕРЕВСКА ПАЛАНКА,2766,1
744263,МОЈСИЊЕ,ЋИЋЕВАЦ,16,1
724025,ГОРЊЕ ТРЊАНЕ,ЛЕСКОВАЦ,200,1
724033,ГОРЊИ БУНИБРОД,ЛЕСКОВАЦ,646,1
724041,ГРАДАШНИЦА,ЛЕСКОВАЦ,256,1
724050,ГРАЈЕВЦЕ,ЛЕСКОВАЦ,264,1
724068,ГРАОВО,ЛЕСКОВАЦ,108,1
724076,ГРДАНИЦА,ЛЕСКОВАЦ,411,1
724084,ГРДЕЛИЦА (ВАРОШ),ЛЕСКОВАЦ,1694,1
724092,ГРДЕЛИЦА (СЕЛО),ЛЕСКОВАЦ,871,1
724106,ГУБЕРЕВАЦ,ЛЕСКОВАЦ,1424,1
724114,ДЕДИНА БАРА,ЛЕСКОВАЦ,652,1
724122,ДОБРОТИН,ЛЕСКОВАЦ,262,1
724149,ДОЊА БУНУША,ЛЕСКОВАЦ,275,1
705365,ДРЕШНИЦА,БЛАЦЕ,55,1
746428,ОРИД,ШАБАЦ,18,1
746444,ПЕТЛОВАЧА,ШАБАЦ,1225,1
727652,СИЈАРИНСКА БАЊА,МЕДВЕЂА,327,1
800384,ОБРОВАЦ,БАЧКА ПАЛАНКА,2495,1
746517,РИБАРИ,ШАБАЦ,1537,1
746525,РУМСКА,ШАБАЦ,547,1
746541,СКРАЂАНИ,ШАБАЦ,336,1
801402,МЕЂА,ЖИТИШТЕ,623,1
746550,СЛАТИНА,ШАБАЦ,210,1
746576,ТАБАНОВИЋ,ШАБАЦ,1152,1
746614,ШЕВАРИЦЕ,ШАБАЦ,893,1
746657,БЕЛЕШ,ДИМИТРОВГРАД,664,1
746673,ГОРЊА КОЗНИЦА,СУРДУЛИЦА,40,1
801313,ЂУРЂЕВО,ЖАБАЉ,4621,1
801321,ЖАБАЉ,ЖАБАЉ,8449,1
801330,ЧУРУГ,ЖАБАЉ,7238,1
801372,ТОРАК,ЖИТИШТЕ,1916,1
801399,ЖИТИШТЕ,ЖИТИШТЕ,2550,1
801429,НОВИ ИТЕБЕЈ,ЖИТИШТЕ,893,1
801437,РАВНИ ТОПОЛОВАЦ,ЖИТИШТЕ,869,1
801461,ХЕТИН,ЖИТИШТЕ,327,1
727768,АЛЕКСАНДРОВО,МЕРОШИНА,407,1
800414,СИЛБАШ,БАЧКА ПАЛАНКА,2073,1
801445,СРПСКИ ИТЕБЕЈ,ЖИТИШТЕ,1612,1
801500,БЕЛО БЛАТО,ЗРЕЊАНИН,1034,1
804738,ТИТЕЛ,ТИТЕЛ,4522,1
801518,БОТОШ,ЗРЕЊАНИН,1494,1
717991,ТРНОВАЦ,КЊАЖЕВАЦ,88,1
718009,ЦРВЕЊЕ,КЊАЖЕВАЦ,95,1
718017,ЦРНИ ВРХ,КЊАЖЕВАЦ,58,1
718025,ЋУШТИЦА,КЊАЖЕВАЦ,80,1
718033,ШАРБАНОВАЦ,КЊАЖЕВАЦ,5,1
718041,ШЕСТИ ГАБАР,КЊАЖЕВАЦ,41,1
718050,ШТИПИНА,КЊАЖЕВАЦ,370,1
718068,ШТИТАРАЦ,КЊАЖЕВАЦ,40,1
718076,ШТРБАЦ,КЊАЖЕВАЦ,118,1
718084,ШУМАН ТОПЛА,КЊАЖЕВАЦ,30,1
731129,ГОРЊЕ ЦРНИЉЕВО,ОСЕЧИНА,329,1
731137,ГУЊАЦИ,ОСЕЧИНА,836,1
731145,ДРАГИЈЕВИЦА,ОСЕЧИНА,400,1
731153,ДРАГОДОЛ,ОСЕЧИНА,346,1
731161,КОМИРИЋ,ОСЕЧИНА,559,1
731170,КОЊИЦ,ОСЕЧИНА,272,1
731188,КОЊУША,ОСЕЧИНА,33,1
731196,ЛОПАТАЊ,ОСЕЧИНА,868,1
731200,ОСЕЧИНА (ВАРОШИЦА),ОСЕЧИНА,2456,1
731218,ОСЕЧИНА (СЕЛО),ОСЕЧИНА,584,1
731226,ОСТРУЖАЊ,ОСЕЧИНА,429,1
801534,ЕЧКА,ЗРЕЊАНИН,3406,1
801569,ЈАНКОВ МОСТ,ЗРЕЊАНИН,388,1
739316,ВЕСКОВИЋЕ,СЈЕНИЦА,45,1
803499,ВИТОЈЕВЦИ,РУМА,767,1
725617,ПЛОЧА,ЛОЗНИЦА,804,1
741051,БАЦИЈЕВЦЕ,СУРДУЛИЦА,41,1
741060,БИНОВЦЕ,СУРДУЛИЦА,424,1
715875,РГОТИНА,ЗАЈЕЧАР,1017,1
715883,САЛАШ,ЗАЈЕЧАР,431,1
715891,СЕЛАЧКА,ЗАЈЕЧАР,114,1
715905,ТАБАКОВАЦ,ЗАЈЕЧАР,93,1
741248,КАЛАБОВЦЕ,СУРДУЛИЦА,80,1
727938,КОВАНЛУК,МЕРОШИНА,201,1
801658,ПЕРЛЕЗ,ЗРЕЊАНИН,2916,1
728004,МРАМОР,ПАЛИЛУЛА (НИШ),531,2
728047,ПАДИНА,МЕРОШИНА,286,1
801674,ТАРАШ,ЗРЕЊАНИН,814,1
804339,ШИШАТОВАЦ,СРЕМСКА МИТРОВИЦА,156,1
804347,ШУЉАМ,СРЕМСКА МИТРОВИЦА,531,1
804355,СРЕМСКИ КАРЛОВЦИ,СРЕМСКИ КАРЛОВЦИ,7872,1
743941,ПОПИЋЕ,ТУТИН,278,1
802271,ПУТНИКОВО,КОВАЧИЦА,143,1
804371,ВОЈКА,СТАРА ПАЗОВА,4338,1
804649,ЧАНТАВИР,СУБОТИЦА,5545,1
804665,БАЧКИ ЈАРАК,ТЕМЕРИН,5077,1
804681,ТЕМЕРИН,ТЕМЕРИН,17998,1
804690,ВИЛОВО,ТИТЕЛ,975,1
804703,ГАРДИНОВЦИ,ТИТЕЛ,1114,1
804711,ЛОК,ТИТЕЛ,963,1
709107,ТУПАНЦИ,ВАЉЕВО,90,1
709115,БАЧИНА,ВАРВАРИН,1638,1
709123,БОШЊАНЕ,ВАРВАРИН,1398,1
709131,ВАРВАРИН,ВАРВАРИН,1805,1
709140,ВАРВАРИН (СЕЛО),ВАРВАРИН,1361,1
709158,ГОРЊИ КАТУН,ВАРВАРИН,1194,1
709166,ГОРЊИ КРЧИН,ВАРВАРИН,140,1
709174,ДОЊИ КАТУН,ВАРВАРИН,762,1
709182,ДОЊИ КРЧИН,ВАРВАРИН,188,1
709204,ЗАЛОГОВАЦ,ВАРВАРИН,567,1
709212,ИЗБЕНИЦА,ВАРВАРИН,327,1
709239,КАРАНОВАЦ,ВАРВАРИН,210,1
731234,ПЕЦКА,ОСЕЧИНА,373,1
731285,ТУЂИН,ОСЕЧИНА,93,1
731293,ЦАРИНА,ОСЕЧИНА,385,1
731307,БОШЊАНЕ,ПАРАЋИН,709,1
731315,БУЉАНЕ,ПАРАЋИН,1108,1
731323,БУСИЛОВАЦ,ПАРАЋИН,676,1
731340,ГОЛУБОВАЦ,ПАРАЋИН,155,1
731358,ГОРЊА МУТНИЦА,ПАРАЋИН,467,1
731366,ГОРЊЕ ВИДОВО,ПАРАЋИН,595,1
731374,ДАВИДОВАЦ,ПАРАЋИН,312,1
731382,ДОЊА МУТНИЦА,ПАРАЋИН,731,1
731404,ДОЊЕ ВИДОВО,ПАРАЋИН,1357,1
803588,МАЛИ РАДИНЦИ,РУМА,446,1
705683,ГЛОГОВАЦ,БОГАТИЋ,634,1
705713,КЛЕЊЕ,БОГАТИЋ,2498,1
705721,МЕТКОВИЋ,БОГАТИЋ,964,1
705730,ОЧАГЕ,БОГАТИЋ,316,1
716561,ГРАБОВИЦА,КЛАДОВО,450,1
716570,ДАВИДОВАЦ,КЛАДОВО,438,1
716588,КЛАДОВО,КЛАДОВО,8171,1
716596,КЛАДУШНИЦА,КЛАДОВО,550,1
716600,КОРБОВО,КЛАДОВО,582,1
716618,КОСТОЛ,КЛАДОВО,752,1
716936,ДУБРАВА,КНИЋ,122,1
716979,КИКОЈЕВАЦ,КНИЋ,138,1
716987,КНЕЖЕВАЦ,КНИЋ,159,1
716995,КНИЋ,КНИЋ,1942,1
717002,КОЊУША,КНИЋ,120,1
717029,КУСОВАЦ,КНИЋ,182,1
717037,ЛЕСКОВАЦ,КНИЋ,175,1
717045,ЛИПНИЦА,КНИЋ,383,1
717053,ЉУБИЋ,КНИЋ,295,1
717061,ЉУЉАЦИ,КНИЋ,247,1
717070,ОПЛАНИЋ,КНИЋ,364,1
717088,ПАЈСИЈЕВИЋ,КНИЋ,332,1
717096,ПРЕТОКЕ,КНИЋ,319,1
717100,РАДМИЛОВИЋ,КНИЋ,176,1
705934,ЗОРОВАЦ,БОЈНИК,2,1
706370,РТАЊ,БОЉЕВАЦ,111,1
706396,САВИНАЦ,БОЉЕВАЦ,220,1
706400,СУМРАКОВАЦ,БОЉЕВАЦ,354,1
706418,БОР,БОР,28822,1
706426,БРЕСТОВАЦ,БОР,2594,1
706434,БУЧЈЕ,БОР,467,1
706442,ГОРЊАНЕ,БОР,731,1
706469,ДОЊА БЕЛА РЕКА,БОР,633,1
706477,ЗЛОТ,БОР,2675,1
706485,КРИВЕЉ,БОР,754,1
706493,ЛУКА,БОР,430,1
706507,МЕТОВНИЦА,БОР,775,1
706515,ОШТРЕЉ,БОР,523,1
706523,СЛАТИНА,БОР,774,1
706531,ТАНДА,БОР,263,1
706540,ТОПЛА,БОР,93,1
706558,ШАРБАНОВАЦ,БОР,1311,1
706566,БАРЈЕ,БОСИЛЕГРАД,3,1
706574,БЕЛУТ,БОСИЛЕГРАД,29,1
706582,БИСТАР,БОСИЛЕГРАД,65,1
706795,ЖЕРАВИНО,БОСИЛЕГРАД,17,1
706809,ЗЛИ ДОЛ,БОСИЛЕГРАД,63,1
706817,ИЗВОР,БОСИЛЕГРАД,37,1
706981,БЕЛО ПОЉЕ,БРУС,17,1
706990,БЛАЖЕВО,БРУС,83,1
707007,БОГИШЕ,БРУС,223,1
738514,ГЛОЖАНЕ,СВИЛАЈНАЦ,671,1
707023,БОРАНЦИ,БРУС,25,1
707074,БУДИЛОВИНА,БРУС,182,1
730149,ВОЈКОВИЋЕ,НОВИ ПАЗАР,8,1
740594,БАШИН,СМЕДЕРЕВСКА ПАЛАНКА,375,1
740608,ВЛАШКИ ДО,СМЕДЕРЕВСКА ПАЛАНКА,869,1
740616,ВОДИЦЕ,СМЕДЕРЕВСКА ПАЛАНКА,733,1
801739,БЕШКА,ИНЂИЈА,5116,1
728063,ЧУБУРА,МЕРОШИНА,58,1
728098,БУКОВАЦ,МИОНИЦА,127,1
728101,ВЕЛИКА МАРИШТА,МИОНИЦА,195,1
728136,ГОЛУБАЦ,МИОНИЦА,78,1
707104,ВИТОШЕ,БРУС,28,1
707112,ВЛАЈКОВЦИ,БРУС,355,1
803219,КАРЛОВЧИЋ,ПЕЋИНЦИ,998,1
707767,ГРАМАДА,БУЈАНОВАЦ,6,1
737038,ВРТИНЕ,РАШКА,80,1
707775,ДОБРОСИН,БУЈАНОВАЦ,1066,1
708054,ОСЛАРЕ,БУЈАНОВАЦ,762,1
708062,СВЕТА ПЕТКА,БУЈАНОВАЦ,288,1
728187,ДОЊИ МУШИЋ,МИОНИЦА,128,1
708186,СРПСКА КУЋА,БУЈАНОВАЦ,201,1
708208,СУХАРНО,БУЈАНОВАЦ,114,1
708224,ТУРИЈА,БУЈАНОВАЦ,392,1
708259,ЧАР,БУЈАНОВАЦ,179,1
708267,БАБИНА ЛУКА,ВАЉЕВО,488,1
708275,БАЛИНОВИЋ,ВАЉЕВО,99,1
708283,БАЧЕВЦИ,ВАЉЕВО,262,1
708291,БЕЛИЋ,ВАЉЕВО,91,1
708631,ЈАЗОВИК,ВАЉЕВО,213,1
708666,ЈОШЕВА,ВАЉЕВО,162,1
708739,КОЗЛИЧИЋ,ВАЉЕВО,203,1
708755,КУНИЦЕ,ВАЉЕВО,60,1
708798,МАЈИНОВИЋ,ВАЉЕВО,71,1
708801,МИЈАЧИ,ВАЉЕВО,128,1
708810,МИЛИЧИНИЦА,ВАЉЕВО,488,1
708852,ПАКЉЕ,ВАЉЕВО,75,1
728217,КЛАШНИЋ,МИОНИЦА,116,1
737798,РАБЕНОВАЦ,РЕКОВАЦ,77,1
709808,ВЛАДИМИРЦИ,ВЛАДИМИРЦИ,1535,1
709816,ВЛАСАНИЦА,ВЛАДИМИРЦИ,334,1
709824,ВУКОШИЋ,ВЛАДИМИРЦИ,519,1
709859,ДЕБРЦ,ВЛАДИМИРЦИ,671,1
709867,ДРАГОЈЕВАЦ,ВЛАДИМИРЦИ,553,1
709875,ЗВЕЗД,ВЛАДИМИРЦИ,582,1
709883,ЈАЗОВНИК,ВЛАДИМИРЦИ,440,1
709891,ЈАЛОВИК,ВЛАДИМИРЦИ,1270,1
709905,КАОНА,ВЛАДИМИРЦИ,235,1
742147,МАНОЈЛОВЦИ,ТОПОЛА,103,1
742180,ПАВЛОВАЦ,ТОПОЛА,39,1
709972,МЕСАРЦИ,ВЛАДИМИРЦИ,389,1
709999,МЕХОВИНЕ,ВЛАДИМИРЦИ,486,1
710628,ТЕГОВИШТЕ,ВЛАДИЧИН ХАН,104,1
710636,УРВИЧ,ВЛАДИЧИН ХАН,35,1
710644,ЏЕП,ВЛАДИЧИН ХАН,137,1
710652,АЛЕКСИНЕ,ВЛАСОТИНЦЕ,13,1
710679,БАТУЛОВЦЕ,ВЛАСОТИНЦЕ,696,1
710687,БОЉАРЕ,ВЛАСОТИНЦЕ,794,1
710695,БОРИН ДО,ВЛАСОТИНЦЕ,50,1
710709,БРЕЗОВИЦА,ВЛАСОТИНЦЕ,29,1
710717,ВЛАСОТИНЦЕ,ВЛАСОТИНЦЕ,14924,1
710725,ГЛОЖАНЕ,ВЛАСОТИНЦЕ,577,1
710733,ГОРЊА ЛОМНИЦА,ВЛАСОТИНЦЕ,33,1
730157,ВОЈНИЋЕ,НОВИ ПАЗАР,133,1
711128,СТРАЊЕВО,ВЛАСОТИНЦЕ,12,1
734284,СЈЕВЕРИН,ПРИБОЈ,553,1
803278,ПРХОВО,ПЕЋИНЦИ,710,1
711225,БЕЛИ БРЕГ,ВРАЊЕ,74,1
711233,БОЈИН ДЕЛ,ВРАЊЕ,24,1
711241,БРЕСНИЦА,ВРАЊЕ,342,1
711250,БУЈКОВАЦ,ВРАЊСКА БАЊА,692,2
711268,БУЉЕСОВЦЕ,ВРАЊЕ,42,1
711276,БУШТРАЊЕ,ВРАЊЕ,330,1
711284,ВИШЕВЦЕ,ВРАЊЕ,72,1
803308,СУБОТИШТЕ,ПЕЋИНЦИ,752,1
739189,БАЧИЈА,СЈЕНИЦА,28,1
711551,ДУЛАН,ВРАЊЕ,35,1
711560,ДУПЕЉЕВО,ВРАЊЕ,8,1
711853,НАСТАВЦЕ,ВРАЊЕ,21,1
711861,НЕСВРТА,ВРАЊСКА БАЊА,44,2
711870,НОВА БРЕЗОВИЦА,ВРАЊЕ,45,1
711942,ПРЕВАЛАЦ,ВРАЊСКА БАЊА,143,2
725269,ВОЋЊАК,ЛОЗНИЦА,1106,1
725277,ГОРЊА БАДАЊА,ЛОЗНИЦА,311,1
725285,ГОРЊА БОРИНА,ЛОЗНИЦА,95,1
725293,ГОРЊА КОВИЉАЧА,ЛОЗНИЦА,463,1
725307,ГОРЊА СИПУЉА,ЛОЗНИЦА,84,1
725315,ГОРЊЕ НЕДЕЉИЦЕ,ЛОЗНИЦА,561,1
725323,ГОРЊИ ДОБРИЋ,ЛОЗНИЦА,501,1
725331,ГРНЧАРА,ЛОЗНИЦА,505,1
725340,ДОЊА БАДАЊА,ЛОЗНИЦА,292,1
725358,ДОЊА СИПУЉА,ЛОЗНИЦА,111,1
725382,ДРАГИНАЦ,ЛОЗНИЦА,100,1
725404,ЗАЈАЧА,ЛОЗНИЦА,414,1
802930,СЕФКЕРИН,ОПОВО,2287,1
713015,КУДРЕШ,ГОЛУБАЦ,119,1
713449,КАЛИМАНИЋИ,ГОРЊИ МИЛАНОВАЦ,100,1
803421,МАРКОВИЋЕВО,ПЛАНДИШТЕ,126,1
713139,БЕЛО ПОЉЕ,ГОРЊИ МИЛАНОВАЦ,159,1
713147,БЕРШИЋИ,ГОРЊИ МИЛАНОВАЦ,194,1
733385,МАЛА ЈЕЖЕВИЦА,ПОЖЕГА,175,1
733393,МИЛИЋЕВО СЕЛО,ПОЖЕГА,542,1
733407,МРШЕЉИ,ПОЖЕГА,125,1
711977,РАНУТОВАЦ,ВРАЊЕ,426,1
711993,РИБИНЦЕ,ВРАЊЕ,412,1
802085,ТОТОВО СЕЛО,КАЊИЖА,478,1
740322,ДОБРИ ДО,СМЕДЕРЕВО,810,1
740349,ДРУГОВАЦ,СМЕДЕРЕВО,1302,1
723061,НЕПРИЧАВА,ЛАЈКОВАЦ,532,1
717959,СТАРО КОРИТО,КЊАЖЕВАЦ,10,1
718394,БАТАЛАГЕ,КОЦЕЉЕВА,293,1
718408,БРДАРИЦА,КОЦЕЉЕВА,1088,1
729523,РУЈНИК,ЦРВЕНИ КРСТ,381,2
701548,ОРАШАЦ,АРАНЂЕЛОВАЦ,1300,1
701556,ДАРОСАВА,АРАНЂЕЛОВАЦ,1517,1
726834,КЛОКОЧЕВАЦ,МАЈДАНПЕК,408,1
712167,СТРУГАНИЦА,ВРАЊЕ,9,1
726842,ЛЕСКОВО,МАЈДАНПЕК,185,1
721484,СЛАТИНА,КРУШЕВАЦ,87,1
721492,СРНДАЉЕ,КРУШЕВАЦ,51,1
712183,СУВИ ДОЛ,ВРАЊЕ,633,1
712191,СУРДУЛ,ВРАЊЕ,5,1
712205,ТЕСОВИШТЕ,ВРАЊЕ,20,1
712213,ТИБУЖДЕ,ВРАЊЕ,1224,1
712221,ТОПЛАЦ,ВРАЊСКА БАЊА,379,2
712230,ТРСТЕНА,ВРАЊЕ,8,1
712248,ТУМБА,ВРАЊЕ,9,1
712256,ЋУКОВАЦ,ВРАЊЕ,964,1
712264,ЋУРКОВИЦА,ВРАЊЕ,1,1
712272,УРМАНИЦА,ВРАЊЕ,8,1
712299,УШЕВЦЕ,ВРАЊЕ,79,1
712302,ЦРНИ ВРХ,ВРАЊСКА БАЊА,8,2
712370,ВУКУШИЦА,ВРЊАЧКА БАЊА,198,1
712388,ГОЧ,ВРЊАЧКА БАЊА,37,1
712396,ГРАЧАЦ,ВРЊАЧКА БАЊА,1692,1
712400,ЛИПОВА,ВРЊАЧКА БАЊА,937,1
712418,НОВО СЕЛО,ВРЊАЧКА БАЊА,3984,1
712426,ОТРОЦИ,ВРЊАЧКА БАЊА,399,1
712671,КАЛЕТИНАЦ,ГАЏИН ХАН,34,1
712680,КОПРИВНИЦА,ГАЏИН ХАН,25,1
712698,КРАСТАВЧЕ,ГАЏИН ХАН,24,1
712701,ЛИЧЈЕ,ГАЏИН ХАН,112,1
713155,БОГДАНИЦА,ГОРЊИ МИЛАНОВАЦ,114,1
713201,БРЕЗОВИЦА,ГОРЊИ МИЛАНОВАЦ,91,1
724840,ПИСКУПОВО,ЛЕСКОВАЦ,87,1
724858,ПОДРИМЦЕ,ЛЕСКОВАЦ,138,1
800538,КАВИЛО,БАЧКА ТОПОЛА,144,1
701564,ПРОГОРЕОЦИ,АРАНЂЕЛОВАЦ,733,1
701572,РАНИЛОВИЋ,АРАНЂЕЛОВАЦ,1180,1
701599,СТОЈНИК,АРАНЂЕЛОВАЦ,1128,1
701602,ТУЛЕЖ,АРАНЂЕЛОВАЦ,584,1
713520,ЛОЧЕВЦИ,ГОРЊИ МИЛАНОВАЦ,52,1
701700,ГРДОВИЋИ,АРИЉЕ,503,1
737054,ГОСТИРАДИЋЕ,РАШКА,22,1
737062,ГРАДАЦ,РАШКА,138,1
703109,ГОРЊИ РИЊ,БЕЛА ПАЛАНКА,0,1
703117,ГРАДИШТЕ,БЕЛА ПАЛАНКА,9,1
708372,БРЕЗОВИЦЕ,ВАЉЕВО,293,1
704377,ГРАНИЦЕ,МЛАДЕНОВАЦ,1387,1
725960,ЖИВИЦА,ЛУЧАНИ,218,1
731617,СТРИЖА,ПАРАЋИН,1571,1
731625,СТУБИЦА,ПАРАЋИН,1266,1
731641,ТРЕШЊЕВИЦА,ПАРАЋИН,650,1
717193,БАЛИНАЦ,КЊАЖЕВАЦ,4,1
730017,БАЊА,НОВИ ПАЗАР,576,1
707619,БАРАЉЕВАЦ,БУЈАНОВАЦ,311,1
744018,РИБАРИЋЕ,ТУТИН,1103,1
710598,СРНЕЋИ ДОЛ,ВЛАДИЧИН ХАН,12,1
710601,СТУБАЛ,ВЛАДИЧИН ХАН,974,1
710610,СУВА МОРАВА,ВЛАДИЧИН ХАН,693,1
710750,ГОРЊИ ДЕЈАН,ВЛАСОТИНЦЕ,39,1
710768,ГОРЊИ ОРАХ,ВЛАСОТИНЦЕ,142,1
713589,МУТАЊ,ГОРЊИ МИЛАНОВАЦ,38,1
803294,СРЕМСКИ МИХАЉЕВЦИ,ПЕЋИНЦИ,680,1
803332,БАРИЦЕ,ПЛАНДИШТЕ,364,1
801852,ВРДНИК,ИРИГ,2620,1
720798,ГАВЕЗ,КРУШЕВАЦ,90,1
710776,ГОРЊИ ПРИСЈАН,ВЛАСОТИНЦЕ,79,1
711063,РАВНИ ДЕЛ,ВЛАСОТИНЦЕ,60,1
711438,ДОБРЕЈАНЦЕ,ВРАЊЕ,34,1
713783,ЦЕРОВА,ГОРЊИ МИЛАНОВАЦ,49,1
713791,ШАРАНИ,ГОРЊИ МИЛАНОВАЦ,225,1
713821,БАРЕ,ДЕСПОТОВАЦ,6,1
713830,БЕЉАЈКА,ДЕСПОТОВАЦ,180,1
713848,БОГАВА,ДЕСПОТОВАЦ,345,1
713856,БРЕСТОВО,ДЕСПОТОВАЦ,225,1
713864,БУКОВАЦ,ДЕСПОТОВАЦ,305,1
713872,ВЕЛИКИ ПОПОВИЋ,ДЕСПОТОВАЦ,1123,1
713899,ВИТАНЦЕ,ДЕСПОТОВАЦ,552,1
714399,ДОЊИ КРИВОДОЛ,ДИМИТРОВГРАД,5,1
720828,ГЛОБАРЕ,КРУШЕВАЦ,274,1
724211,ДОЊЕ СИНКОВЦЕ,ЛЕСКОВАЦ,1405,1
713163,БОЉКОВЦИ,ГОРЊИ МИЛАНОВАЦ,250,1
739812,ЉУТАЈЕ,СЈЕНИЦА,50,1
739839,МАШОВИЋЕ,СЈЕНИЦА,102,1
739847,МЕДАРЕ,СЈЕНИЦА,330,1
713643,ПРАЊАНИ,ГОРЊИ МИЛАНОВАЦ,1114,1
720640,БОЉЕВАЦ,КРУШЕВАЦ,93,1
720658,БРАЈКОВАЦ,КРУШЕВАЦ,272,1
730025,БАРЕ,НОВИ ПАЗАР,10,1
713902,ГРАБОВИЦА,ДЕСПОТОВАЦ,547,1
713929,ДВОРИШТЕ,ДЕСПОТОВАЦ,437,1
714364,ДИМИТРОВГРАД,ДИМИТРОВГРАД,5188,1
714372,ДОЊА НЕВЉА,ДИМИТРОВГРАД,9,1
714518,ПЕТАЧИНЦИ,ДИМИТРОВГРАД,1,1
714526,ПЕТЕРЛАШ,ДИМИТРОВГРАД,12,1
714534,ПЛАНИНИЦА,ДИМИТРОВГРАД,2,1
714542,ПОГАНОВО,ДИМИТРОВГРАД,29,1
714569,ПРАЧА,ДИМИТРОВГРАД,0,1
714577,ПРОТОПОПИНЦИ,ДИМИТРОВГРАД,28,1
714496,МОЈИНЦИ,ДИМИТРОВГРАД,13,1
734322,ЦРНУГОВИЋИ,ПРИБОЈ,67,1
714585,РАДЕЈНА,ДИМИТРОВГРАД,44,1
714593,СЕНОКОС,ДИМИТРОВГРАД,19,1
714607,СКРВЕНИЦА,ДИМИТРОВГРАД,8,1
727300,ВЕЛИКА БРАИНА,МЕДВЕЂА,10,1
706876,НАЗАРИЦА,БОСИЛЕГРАД,9,1
709654,ПЕЧАНИЦА,ВЕЛИКО ГРАДИШТЕ,247,1
735736,ДОЊА ТОПОНИЦА,ПРОКУПЉЕ,228,1
735744,ДОЊА ТРНАВА,ПРОКУПЉЕ,1217,1
800767,БЕЛА ЦРКВА,БЕЛА ЦРКВА,7456,1
800775,ВРАЧЕВ ГАЈ,БЕЛА ЦРКВА,1077,1
800783,ГРЕБЕНАЦ,БЕЛА ЦРКВА,599,1
736759,ДОЊА РАЧА,РАЧА,755,1
736767,ДОЊЕ ЈАРУШИЦЕ,РАЧА,149,1
709581,КУМАНЕ,ВЕЛИКО ГРАДИШТЕ,279,1
709590,КУРЈАЧЕ,ВЕЛИКО ГРАДИШТЕ,631,1
714615,СЛИВНИЦА,ДИМИТРОВГРАД,4,1
709603,КУСИЋЕ,ВЕЛИКО ГРАДИШТЕ,559,1
709611,ЉУБИЊЕ,ВЕЛИКО ГРАДИШТЕ,227,1
709620,МАЈИЛОВАЦ,ВЕЛИКО ГРАДИШТЕ,670,1
800830,КАЛУЂЕРОВО,БЕЛА ЦРКВА,67,1
800848,КРУШЧИЦА,БЕЛА ЦРКВА,722,1
739448,ГРГАЈЕ,СЈЕНИЦА,54,1
714666,КЛИСУРА,ДОЉЕВАЦ,116,1
714674,КНЕЖИЦА,ДОЉЕВАЦ,492,1
714682,КОЧАНЕ,ДОЉЕВАЦ,1282,1
714704,МАЛОШИШТЕ,ДОЉЕВАЦ,2467,1
735868,ЈОВИНЕ ЛИВАДЕ,ПРОКУПЉЕ,6,1
741582,ДРИЈЕТАЊ,УЖИЦЕ,1284,1
741604,ДУБОКО,УЖИЦЕ,735,1
741612,ЗБОЈШТИЦА,УЖИЦЕ,116,1
741639,ЗЛАКУСА,УЖИЦЕ,610,1
741647,КАМЕНИЦА,УЖИЦЕ,174,1
705128,ВЕЛИКА МОШТАНИЦА,ЧУКАРИЦА,3594,1
705136,ОСТРУЖНИЦА,ЧУКАРИЦА,4191,1
743739,КОВАЧИ,ТУТИН,220,1
725714,ТРБУШНИЦА,ЛОЗНИЦА,779,1
725722,ТРШИЋ,ЛОЗНИЦА,1124,1
725749,ФИЛИПОВИЋИ,ЛОЗНИЦА,99,1
732117,БЕРОВИЦА,ПИРОТ,11,1
732141,ВЕЛИКА ЛУКАЊА,ПИРОТ,1,1
732150,ВЕЛИКИ ЈОВАНОВАЦ,ПИРОТ,252,1
732168,ВЕЛИКИ СУВОДОЛ,ПИРОТ,305,1
732176,ВЕЛИКО СЕЛО,ПИРОТ,268,1
732184,ВИСОЧКА РЖАНА,ПИРОТ,9,1
732206,ВОЈНЕГОВАЦ,ПИРОТ,125,1
732214,ВРАНИШТЕ,ПИРОТ,58,1
732222,ГЊИЛАН,ПИРОТ,2199,1
802506,МАЛИ ИЂОШ,МАЛИ ИЂОШ,4118,1
725757,ЦИКОТЕ,ЛОЗНИЦА,746,1
725765,ЧОКЕШИНА,ЛОЗНИЦА,591,1
725773,ШУРИЦЕ,ЛОЗНИЦА,171,1
725781,БЕЛИ КАМЕН,ЛУЧАНИ,340,1
725790,ВИЧА,ЛУЧАНИ,701,1
744069,СЕВЕРНИ КОЧАРНИК,ТУТИН,1579,1
744077,СМОЛУЋА,ТУТИН,196,1
744085,СТАРЧЕВИЋЕ,ТУТИН,101,1
744093,СТРУМЦЕ,ТУТИН,9,1
744107,СУВИ ДО,ТУТИН,483,1
744115,ТОЧИЛОВО,ТУТИН,137,1
744123,ТУТИН,ТУТИН,11169,1
744131,ЋУЛИЈЕ,ТУТИН,44,1
720666,БУКОВИЦА,КРУШЕВАЦ,159,1
727792,БАЛИЧЕВАЦ,МЕРОШИНА,1007,1
727806,БАТУШИНАЦ,МЕРОШИНА,665,1
727814,БИЉЕГ,МЕРОШИНА,445,1
727822,БРЕСТ,МЕРОШИНА,462,1
709247,МАЛА КРУШЕВИЦА,ВАРВАРИН,189,1
803502,ВОГАЊ,РУМА,1281,1
802514,ФЕКЕТИЋ,МАЛИ ИЂОШ,3280,1
803529,ГРАБОВЦИ,РУМА,964,1
741299,КОСТРОШЕВЦИ,СУРДУЛИЦА,30,1
741302,ЛЕСКОВА БАРА,СУРДУЛИЦА,86,1
741329,МАСУРИЦА,СУРДУЛИЦА,986,1
741337,МАЧКАТИЦА,СУРДУЛИЦА,88,1
741345,НОВО СЕЛО,СУРДУЛИЦА,11,1
741353,ПАЉА,СУРДУЛИЦА,2,1
741361,РЂАВИЦА,СУРДУЛИЦА,4,1
705969,КАМЕНИЦА,БОЈНИК,200,1
705977,КАЦАБАЋ,БОЈНИК,421,1
705985,КОСАНЧИЋ,БОЈНИК,269,1
705993,ЛАПОТИНЦЕ,БОЈНИК,453,1
706019,ЛОЗАНЕ,БОЈНИК,17,1
735957,КРЊИ ГРАД,ПРОКУПЉЕ,19,1
706035,МАЈКОВАЦ,БОЈНИК,6,1
706116,РЕЧИЦА,БОЈНИК,46,1
706124,САВИНАЦ,БОЈНИК,24,1
728241,КРЧМАР,МИОНИЦА,233,1
728691,ПОПОВИЦА,НЕГОТИН,214,1
728705,ПРАХОВО,НЕГОТИН,799,1
728713,РАДУЈЕВАЦ,НЕГОТИН,735,1
725412,ЈАДРАНСКА ЛЕШНИЦА,ЛОЗНИЦА,1625,1
725439,ЈАРЕБИЦЕ,ЛОЗНИЦА,947,1
725447,ЈЕЛАВ,ЛОЗНИЦА,750,1
725501,КОРЕНИТА,ЛОЗНИЦА,2169,1
712051,СИКИРЈЕ,ВРАЊЕ,54,1
712060,СЛИВНИЦА,ВРАЊСКА БАЊА,33,2
712078,СМИЉЕВИЋ,ВРАЊЕ,26,1
712086,СОДЕРЦЕ,ВРАЊЕ,468,1
712094,СРЕДЊИ ДЕЛ,ВРАЊЕ,37,1
712108,СТАНЦЕ,ВРАЊЕ,51,1
712116,СТАРА БРЕЗОВИЦА,ВРАЊЕ,30,1
712124,СТАРИ ГЛОГ,ВРАЊСКА БАЊА,19,2
714402,ДРАГОВИТА,ДИМИТРОВГРАД,21,1
714429,ЖЕЉУША,ДИМИТРОВГРАД,1030,1
714461,КУСА ВРАНА,ДИМИТРОВГРАД,44,1
802549,ВОЈВОДА СТЕПА,НОВА ЦРЊА,1117,1
714631,ТРНСКИ ОДОРОВЦИ,ДИМИТРОВГРАД,62,1
714640,БЕЛОТИНАЦ,ДОЉЕВАЦ,1079,1
738735,БУРДИМО,СВРЉИГ,131,1
738743,БУЧУМ,СВРЉИГ,34,1
739944,РАСНО,СЈЕНИЦА,322,1
729540,СИЋЕВО,НИШКА БАЊА,740,2
802573,СРПСКА ЦРЊА,НОВА ЦРЊА,3047,1
739073,РАДМИРОВАЦ,СВРЉИГ,75,1
805122,ОБОРЊАЧА,БАЧКА ТОПОЛА,1,1
712914,ВОЈИЛОВО,ГОЛУБАЦ,195,1
712922,ГОЛУБАЦ,ГОЛУБАЦ,1445,1
712949,ДВОРИШТЕ,ГОЛУБАЦ,164,1
712957,ДОБРА,ГОЛУБАЦ,359,1
804592,ПАЛИЋ,СУБОТИЦА,5476,1
712990,КЛЕЊЕ,ГОЛУБАЦ,283,1
713007,КРИВАЧА,ГОЛУБАЦ,257,1
724670,МРКОВИЦА,ЛЕСКОВАЦ,1,1
724688,МРШТАНЕ,ЛЕСКОВАЦ,1147,1
725234,БРЊАЦ,ЛОЗНИЦА,506,1
738395,СТАРО ЛАНИШТЕ,ЈАГОДИНА,417,1
730068,БОТУРОВИНА,НОВИ ПАЗАР,206,1
734683,ИВАЊЕ,ПРИЈЕПОЉЕ,1101,1
734896,МИЈАНИ,ПРИЈЕПОЉЕ,6,1
734349,ЦРНУЗИ,ПРИБОЈ,820,1
735795,ДРЕНОВАЦ,ПРОКУПЉЕ,132,1
735922,КОНЏЕЉ,ПРОКУПЉЕ,123,1
736074,НОВО СЕЛО,ПРОКУПЉЕ,344,1
736082,ОБРТИНЦЕ,ПРОКУПЉЕ,6,1
736104,ПАСЈАЧА,ПРОКУПЉЕ,12,1
736112,ПАШИНАЦ,ПРОКУПЉЕ,101,1
736953,БИОЧИН,РАШКА,15,1
737089,ДРАГАНИЋИ,РАШКА,310,1
737097,ЖЕРАЂЕ,РАШКА,91,1
739154,БАГАЧИЋЕ,СЈЕНИЦА,42,1
742651,БОЖУРЕВАЦ,ТРСТЕНИК,180,1
743666,ЈАБЛАНИЦА,ТУТИН,65,1
743828,НАДУМЦЕ,ТУТИН,250,1
743836,НАМГА,ТУТИН,97,1
743844,НОЋАЈЕ,ТУТИН,12,1
743852,ОРАШЕ,ТУТИН,678,1
743879,ОРЉЕ,ТУТИН,232,1
743909,ПИСКОПОВЦЕ,ТУТИН,147,1
745111,РАЈЧЕТИНЕ,ЦРНА ТРАВА,10,1
746088,БОГОСАВАЦ,ШАБАЦ,1012,1
746126,ВОЛУЈАЦ,ШАБАЦ,228,1
746134,ГОРЊА ВРАЊСКА,ШАБАЦ,1381,1
746142,ГРУШИЋ,ШАБАЦ,651,1
746169,ДВОРИШТЕ,ШАБАЦ,185,1
746266,КОРМАН,ШАБАЦ,372,1
746398,МРЂЕНОВАЦ,ШАБАЦ,438,1
746410,ОРАШАЦ,ШАБАЦ,339,1
800325,ГАЈДОБРА,БАЧКА ПАЛАНКА,2089,1
800449,ЧЕЛАРЕВО,БАЧКА ПАЛАНКА,4128,1
800457,БАГРЕМОВО,БАЧКА ТОПОЛА,115,1
800732,БАНАТСКА ПАЛАНКА,БЕЛА ЦРКВА,612,1
801712,ЧЕНТА,ЗРЕЊАНИН,2622,1
801801,НОВИ СЛАНКАМЕН,ИНЂИЈА,2645,1
802115,БАНАТСКА ТОПОЛА,КИКИНДА,649,1
802883,ФУТОГ,НОВИ САД,18011,1
803073,ГЛОГОЊ,ПАНЧЕВО,2657,1
803081,ДОЛОВО,ПАНЧЕВО,5569,1
803146,СТАРЧЕВО,ПАНЧЕВО,6661,1
803154,АШАЊА,ПЕЋИНЦИ,1253,1
803260,ПОПИНЦИ,ПЕЋИНЦИ,1020,1
